date,sales,stock,price,feriado,promotion,day_of_week,week_of_year,month,year,is_weekend,is_month_start,is_month_end,rolling_mean_7d,sales_predicted
2014-01-01,0,4972,1.29,1,0,2,1,1,2014,0,1,0,0.0,45.16
2014-01-02,70,4902,1.29,0,1,3,1,1,2014,0,0,0,35.0,170.21
2014-01-03,59,4843,1.29,0,0,4,1,1,2014,0,0,0,43.0,85.68
2014-01-04,93,4750,1.29,0,0,5,1,1,2014,1,0,0,55.5,105.45
2014-01-05,96,4654,1.29,0,0,6,1,1,2014,1,0,0,63.6,115.18
2014-01-06,145,4509,1.29,0,0,0,2,1,2014,0,0,0,77.16666666666667,147.32
2014-01-07,179,4329,1.29,0,0,1,2,1,2014,0,0,0,91.71428571428571,149.57
2014-01-08,321,4104,1.29,0,1,2,2,1,2014,0,0,0,137.57142857142858,317.14
2014-01-09,125,4459,1.09,0,0,3,2,1,2014,0,0,0,145.42857142857142,123.05
2014-01-10,88,5043,1.09,0,0,4,2,1,2014,0,0,0,149.57142857142858,99.27
2014-01-11,188,5239,1.09,0,0,5,2,1,2014,1,0,0,163.14285714285714,164.52
2014-01-12,121,5118,1.09,0,1,6,2,1,2014,1,0,0,166.71428571428572,153.5
2014-01-13,134,4984,1.09,0,0,0,3,1,2014,0,0,0,165.14285714285714,118.44
2014-01-14,80,4904,1.09,0,0,1,3,1,2014,0,0,0,151.0,90.18
2014-01-15,82,4822,1.09,0,0,2,3,1,2014,0,0,0,116.85714285714286,93.85
2014-01-16,94,4728,1.19,0,0,3,3,1,2014,0,0,0,112.42857142857143,94.61
2014-01-18,159,4464,1.19,0,0,5,3,1,2014,1,0,0,122.57142857142857,152.4
2014-01-19,199,4265,1.19,0,0,6,3,1,2014,1,0,0,124.14285714285714,176.39
2014-01-20,104,4161,1.19,0,0,0,4,1,2014,0,0,0,121.71428571428571,102.39
2014-01-21,70,4091,1.19,0,0,1,4,1,2014,0,0,0,112.57142857142857,80.5
2014-01-22,127,3964,1.09,0,0,2,4,1,2014,0,0,0,119.28571428571429,112.59
2014-01-23,96,3868,1.09,0,0,3,4,1,2014,0,0,0,121.28571428571429,97.75
2014-01-24,75,3793,1.09,0,0,4,4,1,2014,0,0,0,118.57142857142857,85.2
2014-01-25,198,3595,1.09,0,0,5,4,1,2014,1,0,0,124.14285714285714,147.09
2014-01-26,168,3427,1.09,0,0,6,4,1,2014,1,0,0,119.71428571428571,161.01
2014-01-27,125,3302,1.09,0,0,0,5,1,2014,0,0,0,122.71428571428571,117.17
2014-01-28,86,3216,1.09,0,0,1,5,1,2014,0,0,0,125.0,98.69
2014-01-29,222,2994,0.99,0,0,2,5,1,2014,0,0,0,138.57142857142858,200.86
2014-01-30,272,2723,0.99,0,0,3,5,1,2014,0,0,0,163.71428571428572,238.07
2014-01-31,209,2514,0.99,0,0,4,5,1,2014,0,0,1,182.85714285714286,200.2
2014-02-01,369,2145,0.99,0,0,5,5,2,2014,1,1,0,207.28571428571428,95.04
2014-02-02,217,1928,0.99,0,0,6,5,2,2014,1,0,0,214.28571428571428,104.26
2014-02-03,97,1831,0.99,0,0,0,6,2,2014,0,0,0,210.28571428571428,94.36
2014-02-04,117,1714,0.99,0,1,1,6,2,2014,0,0,0,214.71428571428572,91.5
2014-02-05,100,1998,1.29,0,1,2,6,2,2014,0,0,0,197.28571428571428,131.48
2014-02-06,64,2126,1.29,0,0,3,6,2,2014,0,0,0,167.57142857142858,75.58
2014-02-07,35,2091,1.29,0,0,4,6,2,2014,0,0,0,142.71428571428572,55.51
2014-02-08,54,2037,1.29,0,0,5,6,2,2014,1,0,0,97.71428571428571,77.22
2014-02-09,55,1982,1.29,0,0,6,6,2,2014,1,0,0,74.57142857142857,71.42
2014-02-12,8,7228,1.29,0,0,2,7,2,2014,0,0,0,61.857142857142854,64.95
2014-02-13,43,7185,1.09,0,0,3,7,2,2014,0,0,0,51.285714285714285,53.85
2014-02-14,107,7078,1.09,0,0,4,7,2,2014,0,0,0,52.285714285714285,85.54
2014-02-15,116,6962,1.09,0,0,5,7,2,2014,1,0,0,59.714285714285715,102.85
2014-02-16,87,6875,1.09,0,1,6,7,2,2014,1,0,0,67.14285714285714,110.5
2014-02-17,66,6809,1.09,0,0,0,8,2,2014,0,0,0,68.85714285714286,40.18
2014-02-18,44,6765,1.09,0,0,1,8,2,2014,0,0,0,67.28571428571429,38.61
2014-02-19,33,6731,1.09,0,0,2,8,2,2014,0,0,0,70.85714285714286,36.56
2014-02-20,13,6718,1.09,0,0,3,8,2,2014,0,0,0,66.57142857142857,25.08
2014-02-21,53,6665,1.09,0,0,4,8,2,2014,0,0,0,58.857142857142854,63.56
2014-02-22,72,6593,1.09,0,0,5,8,2,2014,1,0,0,52.57142857142857,97.84
2014-02-23,50,6543,1.09,0,1,6,8,2,2014,1,0,0,47.285714285714285,88.43
2014-02-24,15,6528,1.09,0,0,0,9,2,2014,0,0,0,40.0,32.56
2014-02-25,12,6516,1.09,0,1,1,9,2,2014,0,0,0,35.42857142857143,35.22
2014-02-26,71,6445,1.09,0,1,2,9,2,2014,0,0,0,40.857142857142854,92.06
2014-02-27,37,6412,1.09,0,0,3,9,2,2014,0,0,0,44.285714285714285,36.05
2014-02-28,83,6329,1.09,0,1,4,9,2,2014,0,0,1,48.57142857142857,129.57
2014-03-01,94,6237,1.09,0,0,5,9,3,2014,1,1,0,51.714285714285715,100.15
2014-03-02,59,6178,1.09,0,0,6,9,3,2014,1,0,0,53.0,65.51
2014-03-03,49,6129,1.09,0,0,0,10,3,2014,0,0,0,57.857142857142854,48.06
2014-03-05,65,6012,1.09,0,0,2,10,3,2014,0,0,0,65.42857142857143,55.37
2014-03-06,55,5957,1.09,0,0,3,10,3,2014,0,0,0,63.142857142857146,50.87
2014-03-07,77,5880,1.09,0,0,4,10,3,2014,0,0,0,68.85714285714286,77.31
2014-03-08,122,5755,1.09,0,0,5,10,3,2014,1,0,0,74.42857142857143,114.27
2014-03-09,83,5672,1.09,0,0,6,10,3,2014,1,0,0,72.85714285714286,70.3
2014-03-10,75,5597,1.09,0,0,0,11,3,2014,0,0,0,75.14285714285714,66.59
2014-03-11,48,5549,1.09,0,0,1,11,3,2014,0,0,0,75.0,51.87
2014-03-12,45,5504,1.29,0,0,2,11,3,2014,0,0,0,72.14285714285714,69.35
2014-03-13,78,4659,1.29,0,0,3,11,3,2014,0,0,0,75.42857142857143,69.48
2014-03-14,122,4537,1.29,0,0,4,11,3,2014,0,0,0,81.85714285714286,108.57
2014-03-16,116,4274,1.29,0,1,6,11,3,2014,1,0,0,81.0,140.54
2014-03-17,48,4228,1.29,0,0,0,12,3,2014,0,0,0,76.0,62.25
2014-03-18,29,4199,1.29,0,0,1,12,3,2014,0,0,0,69.42857142857143,45.82
2014-03-19,91,4107,1.29,0,0,2,12,3,2014,0,0,0,75.57142857142857,57.74
2014-03-20,59,4048,1.29,0,0,3,12,3,2014,0,0,0,77.57142857142857,60.8
2014-03-21,68,3980,1.29,0,0,4,12,3,2014,0,0,0,76.14285714285714,90.38
2014-03-22,137,3843,1.28,0,0,5,12,3,2014,1,0,0,78.28571428571429,163.58
2014-03-23,56,3787,1.29,0,0,6,12,3,2014,1,0,0,69.71428571428571,102.9
2014-03-24,13,3774,1.29,0,0,0,13,3,2014,0,0,0,64.71428571428571,58.74
2014-03-25,45,3729,1.29,0,0,1,13,3,2014,0,0,0,67.0,37.31
2014-03-26,25,3704,1.29,0,0,2,13,3,2014,0,0,0,57.57142857142857,37.98
2014-03-27,25,3679,1.29,0,1,3,13,3,2014,0,0,0,52.714285714285715,75.63
2014-03-28,174,3505,1.19,0,0,4,13,3,2014,0,0,0,67.85714285714286,131.63
2014-03-29,138,3367,1.09,0,0,5,13,3,2014,1,0,0,68.0,154.43
2014-03-30,64,3303,1.09,0,0,6,13,3,2014,1,0,0,69.14285714285714,82.96
2014-03-31,77,3226,1.09,0,0,0,14,3,2014,0,0,1,78.28571428571429,67.43
2014-04-01,62,3164,1.09,0,0,1,14,4,2014,0,1,0,80.71428571428571,61.45
2014-04-02,119,3045,1.09,0,0,2,14,4,2014,0,0,0,94.14285714285714,60.27
2014-04-03,89,2956,1.09,0,0,3,14,4,2014,0,0,0,103.28571428571429,76.22
2014-04-04,133,2823,1.09,0,1,4,14,4,2014,0,0,0,97.42857142857143,158.32
2014-04-05,180,2643,1.09,0,0,5,14,4,2014,1,0,0,103.42857142857143,158.35
2014-04-06,121,2522,1.09,0,0,6,14,4,2014,1,0,0,111.57142857142857,110.66
2014-04-07,72,2450,1.09,0,0,0,15,4,2014,0,0,0,110.85714285714286,78.83
2014-04-08,91,2359,1.09,0,0,1,15,4,2014,0,0,0,115.0,75.18
2014-04-09,53,2306,1.09,0,0,2,15,4,2014,0,0,0,105.57142857142857,53.4
2014-04-10,47,2259,1.09,0,0,3,15,4,2014,0,0,0,99.57142857142857,49.69
2014-04-11,42,2217,1.09,0,0,4,15,4,2014,0,0,0,86.57142857142857,62.64
2014-04-12,124,2092,1.09,0,0,5,15,4,2014,1,0,0,78.57142857142857,101.23
2014-04-13,97,1995,1.09,0,0,6,15,4,2014,1,0,0,75.14285714285714,90.82
2014-04-14,119,1875,1.09,0,0,0,16,4,2014,0,0,0,81.85714285714286,100.75
2014-04-15,34,1841,1.29,0,0,1,16,4,2014,0,0,0,73.71428571428571,41.2
2014-04-16,18,1823,1.29,0,0,2,16,4,2014,0,0,0,68.71428571428571,24.71
2014-04-17,24,1799,1.29,0,0,3,16,4,2014,0,0,0,65.42857142857143,29.68
2014-04-18,57,1742,1.29,1,0,4,16,4,2014,0,0,0,67.57142857142857,67.79
2014-04-19,61,1681,1.29,0,0,5,16,4,2014,1,0,0,58.57142857142857,78.26
2014-04-20,30,1651,1.29,0,1,6,16,4,2014,1,0,0,49.0,73.14
2014-04-21,96,1554,1.29,1,0,0,17,4,2014,0,0,0,45.714285714285715,114.94
2014-04-22,0,1525,1.29,0,0,1,17,4,2014,0,0,0,40.857142857142854,16.25
2014-04-23,37,1488,1.29,0,0,2,17,4,2014,0,0,0,43.57142857142857,25.64
2014-04-24,30,1458,1.29,0,0,3,17,4,2014,0,0,0,44.42857142857143,32.91
2014-04-25,38,1420,1.29,0,0,4,17,4,2014,0,0,0,41.714285714285715,62.84
2014-04-26,88,1332,1.29,0,0,5,17,4,2014,1,0,0,45.57142857142857,83.61
2014-04-27,64,1268,1.29,0,0,6,17,4,2014,1,0,0,50.42857142857143,67.39
2014-04-28,13,1255,1.29,0,1,0,18,4,2014,0,0,0,38.57142857142857,38.66
2014-04-29,20,1255,1.29,0,0,1,18,4,2014,0,0,0,41.42857142857143,20.72
2014-04-30,31,1457,1.29,0,0,2,18,4,2014,0,0,1,40.57142857142857,35.26
2014-05-01,129,1263,1.29,1,1,3,18,5,2014,0,1,0,54.714285714285715,154.7
2014-05-02,94,1169,1.29,0,0,4,18,5,2014,0,0,0,62.714285714285715,93.28
2014-05-03,129,1904,1.29,0,0,5,18,5,2014,1,0,0,68.57142857142857,129.36
2014-05-04,126,1778,1.29,0,1,6,18,5,2014,1,0,0,77.42857142857143,134.65
2014-05-05,70,1708,1.29,0,0,0,19,5,2014,0,0,0,85.57142857142857,72.02
2014-05-06,48,1708,1.29,0,0,1,19,5,2014,0,0,0,89.57142857142857,50.61
2014-05-07,123,2044,1.29,0,1,2,19,5,2014,0,0,0,102.71428571428571,141.01
2014-05-08,87,1930,1.29,0,0,3,19,5,2014,0,0,0,96.71428571428571,82.27
2014-05-09,65,1961,1.29,0,0,4,19,5,2014,0,0,0,92.57142857142857,72.74
2014-05-10,102,1859,1.29,0,0,5,19,5,2014,1,0,0,88.71428571428571,101.16
2014-05-11,78,1781,1.29,0,0,6,19,5,2014,1,0,0,81.85714285714286,95.39
2014-05-12,49,1828,1.29,0,0,0,20,5,2014,0,0,0,78.85714285714286,59.16
2014-05-13,0,1800,1.29,0,1,1,20,5,2014,0,0,0,72.0,45.97
2014-05-14,68,1687,1.09,0,0,2,20,5,2014,0,0,0,64.14285714285714,70.67
2014-05-15,102,1969,1.09,0,0,3,20,5,2014,0,0,0,66.28571428571429,88.28
2014-05-16,88,1977,1.09,0,0,4,20,5,2014,0,0,0,69.57142857142857,85.87
2014-05-17,170,1807,1.09,0,0,5,20,5,2014,1,0,0,79.28571428571429,143.25
2014-05-18,152,1655,1.09,0,0,6,20,5,2014,1,0,0,89.85714285714286,131.45
2014-05-19,90,1661,1.09,0,0,0,21,5,2014,0,0,0,95.71428571428571,80.69
2014-05-20,101,1751,1.09,0,1,1,21,5,2014,0,0,0,110.14285714285714,99.97
2014-05-21,71,1680,1.43,0,0,2,21,5,2014,0,0,0,110.57142857142857,71.39
2014-05-22,48,2016,1.49,0,0,3,21,5,2014,0,0,0,102.85714285714286,82.26
2014-05-23,40,1976,1.49,0,0,4,21,5,2014,0,0,0,96.0,76.32
2014-05-24,93,1883,1.49,0,0,5,21,5,2014,1,0,0,85.0,104.21
2014-05-25,45,1838,1.49,0,1,6,21,5,2014,1,0,0,69.71428571428571,101.72
2014-05-26,58,1876,1.49,0,1,0,22,5,2014,0,0,0,65.14285714285714,92.04
2014-05-27,53,1919,1.49,0,0,1,22,5,2014,0,0,0,58.285714285714285,59.94
2014-05-28,42,3317,1.49,0,0,2,22,5,2014,0,0,0,54.142857142857146,48.63
2014-05-29,52,3841,1.49,0,0,3,22,5,2014,0,0,0,54.714285714285715,54.32
2014-05-30,29,3811,1.99,0,0,4,22,5,2014,0,0,0,53.142857142857146,44.88
2014-05-31,91,3720,1.99,0,0,5,22,5,2014,1,0,1,52.857142857142854,91.57
2014-06-01,75,3645,1.99,0,0,6,22,6,2014,1,1,0,57.142857142857146,101.93
2014-06-02,75,3570,1.99,0,0,0,23,6,2014,0,0,0,59.57142857142857,103.33
2014-06-03,179,3391,1.19,0,0,1,23,6,2014,0,0,0,77.57142857142857,133.92
2014-06-04,252,3140,1.19,0,0,2,23,6,2014,0,0,0,107.57142857142857,188.54
2014-06-05,202,2938,1.19,0,1,3,23,6,2014,0,0,0,129.0,216.43
2014-06-06,161,2777,1.19,0,0,4,23,6,2014,0,0,0,147.85714285714286,171.24
2014-06-07,331,2446,1.19,0,0,5,23,6,2014,1,0,0,182.14285714285714,277.02
2014-06-08,271,2175,1.19,0,0,6,23,6,2014,1,0,0,210.14285714285714,215.37
2014-06-09,146,1949,1.19,0,1,0,24,6,2014,0,0,0,220.28571428571428,156.67
2014-06-10,2,1946,1.19,0,0,1,24,6,2014,0,0,0,195.0,26.38
2014-06-11,2,2136,1.19,0,0,2,24,6,2014,0,0,0,159.28571428571428,16.67
2014-06-12,0,2136,0.0,0,0,3,24,6,2014,0,0,0,130.42857142857142,21.8
2014-06-13,0,2328,1.49,0,0,4,24,6,2014,0,0,0,107.42857142857143,79.11
2014-06-14,0,2328,1.49,0,0,5,24,6,2014,1,0,0,60.142857142857146,77.86
2014-06-15,13,2315,1.49,0,0,6,24,6,2014,1,0,0,23.285714285714285,56.08
2014-06-16,30,2285,1.49,0,0,0,25,6,2014,0,0,0,6.714285714285714,35.07
2014-06-17,34,2251,1.49,0,0,1,25,6,2014,0,0,0,11.285714285714286,33.08
2014-06-18,8,2243,1.49,0,0,2,25,6,2014,0,0,0,12.142857142857142,18.24
2014-06-19,67,2176,1.29,0,0,3,25,6,2014,0,0,0,21.714285714285715,48.36
2014-06-20,41,2135,1.29,0,0,4,25,6,2014,0,0,0,27.571428571428573,93.83
2014-06-21,89,2046,1.29,0,0,5,25,6,2014,1,0,0,40.285714285714285,86.93
2014-06-22,49,1997,1.29,0,0,6,25,6,2014,1,0,0,45.42857142857143,64.91
2014-06-23,62,2031,1.29,0,0,0,26,6,2014,0,0,0,50.0,57.34
2014-06-24,81,2046,1.29,0,0,1,26,6,2014,0,0,0,56.714285714285715,64.63
2014-06-25,42,2004,1.29,0,0,2,26,6,2014,0,0,0,61.57142857142857,42.62
2014-06-26,63,2037,1.29,0,0,3,26,6,2014,0,0,0,61.0,61.86
2014-06-27,107,1930,1.18,0,0,4,26,6,2014,0,0,0,70.42857142857143,105.97
2014-06-28,83,1847,1.19,0,0,5,26,6,2014,1,0,0,69.57142857142857,101.42
2014-06-29,102,1745,1.19,0,0,6,26,6,2014,1,0,0,77.14285714285714,70.22
2014-06-30,62,1779,1.29,0,0,0,27,6,2014,0,0,1,77.14285714285714,58.17
2014-07-01,29,1750,1.29,0,0,1,27,7,2014,0,1,0,69.71428571428571,42.67
2014-07-02,63,1687,1.29,0,0,2,27,7,2014,0,0,0,72.71428571428571,63.71
2014-07-03,97,1590,1.29,0,1,3,27,7,2014,0,0,0,77.57142857142857,141.83
2014-07-04,136,1454,1.29,0,0,4,27,7,2014,0,0,0,81.71428571428571,143.64
2014-07-05,335,1119,1.29,0,0,5,27,7,2014,1,0,0,117.71428571428571,274.29
2014-07-06,299,820,1.29,0,0,6,27,7,2014,1,0,0,145.85714285714286,241.82
2014-07-07,5,814,1.29,0,1,0,28,7,2014,0,0,0,137.71428571428572,18.78
2014-07-08,2,812,1.29,0,1,1,28,7,2014,0,0,0,133.85714285714286,22.28
2014-07-09,9,803,1.29,0,0,2,28,7,2014,0,0,0,126.14285714285714,17.39
2014-07-10,9,794,1.29,0,0,3,28,7,2014,0,0,0,113.57142857142857,14.35
2014-07-11,0,794,1.29,0,0,4,28,7,2014,0,0,0,94.14285714285714,10.03
2014-07-12,0,794,1.29,0,0,5,28,7,2014,1,0,0,46.285714285714285,30.46
2014-07-13,0,794,1.29,0,0,6,28,7,2014,1,0,0,3.5714285714285716,29.58
2014-07-14,0,794,1.29,0,0,0,29,7,2014,0,0,0,2.857142857142857,4.84
2014-07-15,0,794,0.0,0,0,1,29,7,2014,0,0,0,2.5714285714285716,6.57
2014-07-16,0,794,0.0,0,1,2,29,7,2014,0,0,0,1.2857142857142858,47.71
2014-07-17,0,794,0.0,0,1,3,29,7,2014,0,0,0,0.0,67.45
2014-07-18,0,794,0.0,0,0,4,29,7,2014,0,0,0,0.0,5.27
2014-07-19,0,794,1.49,0,0,5,29,7,2014,1,0,0,0.0,6.73
2014-07-20,0,794,1.49,0,0,6,29,7,2014,1,0,0,0.0,6.74
2014-07-21,0,794,1.49,0,0,0,30,7,2014,0,0,0,0.0,1.59
2014-07-22,2,792,1.49,0,1,1,30,7,2014,0,0,0,0.2857142857142857,10.82
2014-07-23,0,792,1.49,0,1,2,30,7,2014,0,0,0,0.2857142857142857,47.35
2014-07-24,0,888,1.49,0,0,3,30,7,2014,0,0,0,0.2857142857142857,10.1
2014-07-25,15,873,1.49,0,0,4,30,7,2014,0,0,0,2.4285714285714284,14.82
2014-07-26,9,864,1.49,0,0,5,30,7,2014,1,0,0,3.7142857142857144,25.44
2014-07-27,13,851,1.49,0,0,6,30,7,2014,1,0,0,5.571428571428571,11.21
2014-07-28,15,1220,1.22,0,1,0,31,7,2014,0,0,0,7.714285714285714,17.78
2014-07-29,26,1207,2.98,0,0,1,31,7,2014,0,0,0,11.142857142857142,20.16
2014-07-30,16,1191,1.55,0,0,2,31,7,2014,0,0,0,13.428571428571429,25.9
2014-07-31,51,1140,1.55,0,0,3,31,7,2014,0,0,1,20.714285714285715,43.25
2014-08-01,47,1093,1.55,0,0,4,31,8,2014,0,1,0,25.285714285714285,61.71
2014-08-02,56,1037,1.55,0,0,5,31,8,2014,1,0,0,32.0,49.65
2014-08-03,45,992,1.55,0,0,6,31,8,2014,1,0,0,36.57142857142857,9.57
2014-08-04,40,952,1.55,0,0,0,32,8,2014,0,0,0,40.142857142857146,14.14
2014-08-05,17,935,1.55,0,0,1,32,8,2014,0,0,0,38.857142857142854,21.17
2014-08-06,103,832,1.29,0,0,2,32,8,2014,0,0,0,51.285714285714285,76.26
2014-08-07,72,760,1.29,0,0,3,32,8,2014,0,0,0,54.285714285714285,55.44
2014-08-08,56,704,1.29,0,0,4,32,8,2014,0,0,0,55.57142857142857,44.32
2014-08-09,0,704,1.29,0,0,5,32,8,2014,1,0,0,47.57142857142857,63.73
2014-08-10,1,703,1.29,0,0,6,32,8,2014,1,0,0,41.285714285714285,9.59
2014-08-11,0,703,1.29,0,0,0,33,8,2014,0,0,0,35.57142857142857,6.55
2014-08-12,0,703,1.29,0,0,1,33,8,2014,0,0,0,33.142857142857146,9.39
2014-08-13,0,703,1.29,0,0,2,33,8,2014,0,0,0,18.428571428571427,14.32
2014-08-14,0,703,1.29,0,0,3,33,8,2014,0,0,0,8.142857142857142,8.81
2014-08-15,0,703,1.55,0,0,4,33,8,2014,0,0,0,0.14285714285714285,8.69
2014-08-16,0,703,1.55,0,0,5,33,8,2014,1,0,0,0.14285714285714285,63.01
2014-08-17,0,703,1.55,0,0,6,33,8,2014,1,0,0,0.0,11.68
2014-08-18,0,2143,1.55,0,0,0,34,8,2014,0,0,0,0.0,7.16
2014-08-19,0,2143,1.55,0,0,1,34,8,2014,0,0,0,0.0,16.57
2014-08-20,68,2075,1.55,0,1,2,34,8,2014,0,0,0,9.714285714285714,89.1
2014-08-21,169,1908,1.19,0,0,3,34,8,2014,0,0,0,33.857142857142854,113.37
2014-08-22,213,1695,1.19,0,1,4,34,8,2014,0,0,0,64.28571428571429,215.5
2014-08-23,338,1356,1.19,0,0,5,34,8,2014,1,0,0,112.57142857142857,221.61
2014-08-24,129,1227,1.19,0,0,6,34,8,2014,1,0,0,131.0,106.7
2014-08-26,13,1271,1.19,0,0,1,35,8,2014,0,0,0,132.85714285714286,16.5
2014-08-27,85,1186,1.19,0,0,2,35,8,2014,0,0,0,145.0,81.53
2014-08-28,0,1186,0.0,0,0,3,35,8,2014,0,0,0,135.28571428571428,38.95
2014-08-29,0,1186,1.29,0,0,4,35,8,2014,0,0,0,111.14285714285714,29.66
2014-08-30,0,1186,1.29,0,0,5,35,8,2014,1,0,0,80.71428571428571,75.5
2014-08-31,0,1186,1.29,0,0,6,35,8,2014,1,0,1,32.42857142857143,12.85
2014-09-01,0,1474,1.29,0,0,0,36,9,2014,0,1,0,14.0,21.62
2014-09-02,0,1474,1.29,0,0,1,36,9,2014,0,0,0,12.142857142857142,17.04
2014-09-03,0,1474,1.29,0,0,2,36,9,2014,0,0,0,0.0,105.99
2014-09-04,0,1474,1.29,0,1,3,36,9,2014,0,0,0,0.0,25.89
2014-09-05,0,2146,1.29,0,1,4,36,9,2014,0,0,0,0.0,58.96
2014-09-06,0,2146,1.29,0,1,5,36,9,2014,1,0,0,0.0,36.65
2014-09-07,0,2146,1.29,1,0,6,36,9,2014,1,0,0,0.0,20.86
2014-09-08,64,2082,1.29,0,0,0,37,9,2014,0,0,0,9.142857142857142,58.43
2014-09-09,154,1928,1.29,0,1,1,37,9,2014,0,0,0,31.142857142857142,167.58
2014-09-10,143,1785,1.29,0,0,2,37,9,2014,0,0,0,51.57142857142857,129.11
2014-09-11,96,1689,1.29,0,1,3,37,9,2014,0,0,0,65.28571428571429,136.54
2014-09-12,140,1549,1.29,0,1,4,37,9,2014,0,0,0,85.28571428571429,169.52
2014-09-13,67,1484,1.29,0,1,5,37,9,2014,1,0,0,94.85714285714286,119.78
2014-09-14,3,1481,1.29,0,0,6,37,9,2014,1,0,0,95.28571428571429,77.48
2014-09-15,71,1410,1.29,0,0,0,38,9,2014,0,0,0,96.28571428571429,63.1
2014-09-16,58,1352,1.29,0,1,1,38,9,2014,0,0,0,82.57142857142857,111.12
2014-09-17,62,1962,1.29,0,0,2,38,9,2014,0,0,0,71.0,86.31
2014-09-18,62,1996,1.29,0,0,3,38,9,2014,0,0,0,66.14285714285714,91.64
2014-09-19,62,2126,1.29,0,0,4,38,9,2014,0,0,0,55.0,76.24
2014-09-20,168,2532,1.29,0,1,5,38,9,2014,1,0,0,69.42857142857143,191.76
2014-09-21,99,2433,1.29,0,0,6,38,9,2014,1,0,0,83.14285714285714,97.72
2014-09-22,39,2394,1.29,0,0,0,39,9,2014,0,0,0,78.57142857142857,49.36
2014-09-23,64,2285,1.29,0,0,1,39,9,2014,0,0,0,79.42857142857143,61.25
2014-09-24,117,2168,1.29,0,0,2,39,9,2014,0,0,0,87.28571428571429,82.08
2014-09-25,104,2064,1.29,0,1,3,39,9,2014,0,0,0,93.28571428571429,94.07
2014-09-26,108,1956,1.29,0,0,4,39,9,2014,0,0,0,99.85714285714286,96.01
2014-09-27,234,1014,1.29,0,0,5,39,9,2014,1,0,0,109.28571428571429,189.63
2014-09-28,97,917,1.29,0,1,6,39,9,2014,1,0,0,109.0,127.87
2014-09-29,85,832,1.29,0,0,0,40,9,2014,0,0,0,115.57142857142857,72.53
2014-09-30,88,1896,1.29,0,0,1,40,9,2014,0,0,1,119.0,75.89
2014-10-01,190,1801,1.29,0,0,2,40,10,2014,0,1,0,129.42857142857142,158.76
2014-10-02,163,1637,1.29,0,0,3,40,10,2014,0,0,0,137.85714285714286,137.77
2014-10-03,90,1835,1.29,0,0,4,40,10,2014,0,0,0,135.28571428571428,94.56
2014-10-04,105,1730,1.29,0,0,5,40,10,2014,1,0,0,116.85714285714286,117.21
2014-10-05,47,1683,1.29,0,0,6,40,10,2014,1,0,0,109.71428571428571,65.52
2014-10-06,66,2097,1.29,0,1,0,41,10,2014,0,0,0,107.0,95.02
2014-10-07,84,2109,1.29,0,1,1,41,10,2014,0,0,0,106.42857142857143,109.88
2014-10-08,80,2028,1.29,0,0,2,41,10,2014,0,0,0,90.71428571428571,86.15
2014-10-09,97,1934,1.29,0,0,3,41,10,2014,0,0,0,81.28571428571429,93.59
2014-10-10,64,2254,1.29,0,0,4,41,10,2014,0,0,0,77.57142857142857,72.52
2014-10-11,128,2126,1.29,0,0,5,41,10,2014,1,0,0,80.85714285714286,119.62
2014-10-12,85,2041,1.29,1,0,6,41,10,2014,1,0,0,86.28571428571429,80.38
2014-10-13,50,2087,1.29,0,0,0,42,10,2014,0,0,0,84.0,57.48
2014-10-14,91,1996,1.29,0,1,1,42,10,2014,0,0,0,85.0,103.69
2014-10-15,93,1903,1.29,0,0,2,42,10,2014,0,0,0,86.85714285714286,85.68
2014-10-16,50,1852,1.29,0,0,3,42,10,2014,0,0,0,80.14285714285714,67.01
2014-10-17,85,2246,1.29,0,0,4,42,10,2014,0,0,0,83.14285714285714,87.43
2014-10-18,129,2117,1.29,0,0,5,42,10,2014,1,0,0,83.28571428571429,124.04
2014-10-19,119,1998,1.29,0,0,6,42,10,2014,1,0,0,88.14285714285714,114.24
2014-10-20,45,2049,1.29,0,0,0,43,10,2014,0,0,0,87.42857142857143,63.53
2014-10-21,78,2067,1.29,0,0,1,43,10,2014,0,0,0,85.57142857142857,71.4
2014-10-22,90,1977,1.29,0,0,2,43,10,2014,0,0,0,85.14285714285714,88.85
2014-10-23,78,1899,1.29,0,0,3,43,10,2014,0,0,0,89.14285714285714,77.94
2014-10-24,62,1837,1.29,0,0,4,43,10,2014,0,0,0,85.85714285714286,102.55
2014-10-25,97,1740,1.29,0,0,5,43,10,2014,1,0,0,81.28571428571429,108.83
2014-10-26,111,1629,1.29,0,0,6,43,10,2014,1,0,0,80.14285714285714,108.76
2014-10-27,55,1574,1.29,0,0,0,44,10,2014,0,0,0,81.57142857142857,60.23
2014-10-28,60,1510,1.29,0,0,1,44,10,2014,0,0,0,79.0,62.65
2014-10-29,61,1449,1.29,0,0,2,44,10,2014,0,0,0,74.85714285714286,80.3
2014-10-30,81,1368,1.49,0,0,3,44,10,2014,0,0,0,75.28571428571429,70.15
2014-10-31,131,1237,1.49,0,0,4,44,10,2014,0,0,1,85.14285714285714,116.15
2014-11-01,160,1077,1.49,0,0,5,44,11,2014,1,1,0,94.14285714285714,116.05
2014-11-02,131,946,1.49,1,0,6,44,11,2014,1,0,0,97.0,88.11
2014-11-03,43,903,1.49,0,0,0,45,11,2014,0,0,0,95.28571428571429,42.81
2014-11-04,34,869,1.49,0,0,1,45,11,2014,0,0,0,91.57142857142857,38.45
2014-11-05,33,836,1.49,0,0,2,45,11,2014,0,0,0,87.57142857142857,53.65
2014-11-06,37,799,1.49,0,0,3,45,11,2014,0,0,0,81.28571428571429,42.19
2014-11-07,82,717,1.49,0,0,4,45,11,2014,0,0,0,74.28571428571429,67.01
2014-11-08,542,175,1.49,0,1,5,45,11,2014,1,0,0,128.85714285714286,110.72
2014-11-09,239,0,1.49,0,0,6,45,11,2014,1,0,0,144.28571428571428,69.14
2014-11-10,51,0,1.49,0,0,0,46,11,2014,0,0,0,145.42857142857142,46.3
2014-11-11,51,80,1.49,0,0,1,46,11,2014,0,0,0,147.85714285714286,45.24
2014-11-12,41,34,1.49,0,0,2,46,11,2014,0,0,0,149.0,47.88
2014-11-13,1,33,1.49,0,0,3,46,11,2014,0,0,0,143.85714285714286,30.27
2014-11-14,0,33,1.49,0,0,4,46,11,2014,0,0,0,132.14285714285714,20.91
2014-11-15,1,32,1.49,1,0,5,46,11,2014,1,0,0,54.857142857142854,24.72
2014-11-16,0,32,1.49,0,1,6,46,11,2014,1,0,0,20.714285714285715,41.03
2014-11-17,0,32,1.49,0,0,0,47,11,2014,0,0,0,13.428571428571429,7.23
2014-11-18,7,25,1.49,0,0,1,47,11,2014,0,0,0,7.142857142857143,10.19
2014-11-19,1,24,1.49,0,0,2,47,11,2014,0,0,0,1.4285714285714286,17.36
2014-11-20,4,20,1.29,0,0,3,47,11,2014,0,0,0,1.8571428571428572,6.29
2014-11-21,1,19,1.29,0,0,4,47,11,2014,0,0,0,2.0,3.82
2014-11-22,1,18,1.29,0,0,5,47,11,2014,1,0,0,2.0,39.69
2014-11-23,2,16,1.29,0,0,6,47,11,2014,1,0,0,2.2857142857142856,16.38
2014-11-24,0,16,1.29,0,0,0,48,11,2014,0,0,0,2.2857142857142856,5.11
2014-11-25,0,16,1.29,0,0,1,48,11,2014,0,0,0,1.2857142857142858,4.92
2014-11-26,0,16,1.29,0,0,2,48,11,2014,0,0,0,1.1428571428571428,15.47
2014-11-27,0,16,1.29,0,1,3,48,11,2014,0,0,0,0.5714285714285714,20.49
2014-11-28,0,16,1.29,0,0,4,48,11,2014,0,0,0,0.42857142857142855,0.26
2014-11-29,0,16,1.29,0,0,5,48,11,2014,1,0,0,0.2857142857142857,8.67
2014-11-30,0,16,1.29,0,0,6,48,11,2014,1,0,1,0.0,4.09
2014-12-01,0,16,1.29,0,0,0,49,12,2014,0,1,0,0.0,10.14
2014-12-02,0,16,1.29,0,0,1,49,12,2014,0,0,0,0.0,0.96
2014-12-03,0,16,1.29,0,0,2,49,12,2014,0,0,0,0.0,3.34
2014-12-04,0,16,1.29,0,0,3,49,12,2014,0,0,0,0.0,0.42
2014-12-05,0,16,1.49,0,0,4,49,12,2014,0,0,0,0.0,0.94
2014-12-06,0,16,1.49,0,0,5,49,12,2014,1,0,0,0.0,10.65
2014-12-07,0,16,1.49,0,0,6,49,12,2014,1,0,0,0.0,3.16
2014-12-08,0,16,1.49,0,0,0,50,12,2014,0,0,0,0.0,1.56
2014-12-09,0,16,1.49,0,1,1,50,12,2014,0,0,0,0.0,18.38
2014-12-10,0,16,1.49,0,0,2,50,12,2014,0,0,0,0.0,2.37
2014-12-11,0,16,1.49,0,0,3,50,12,2014,0,0,0,0.0,0.63
2014-12-12,0,16,1.49,0,0,4,50,12,2014,0,0,0,0.0,0.94
2014-12-13,0,16,1.49,0,0,5,50,12,2014,1,0,0,0.0,18.08
2014-12-14,0,16,1.49,0,0,6,50,12,2014,1,0,0,0.0,10.78
2014-12-15,0,688,1.49,0,0,0,51,12,2014,0,0,0,0.0,66.35
2014-12-16,49,735,1.49,0,0,1,51,12,2014,0,0,0,7.0,69.42
2014-12-17,157,578,1.29,0,0,2,51,12,2014,0,0,0,29.428571428571427,145.19
2014-12-18,193,385,1.29,0,0,3,51,12,2014,0,0,0,57.0,174.08
2014-12-19,94,291,1.29,0,0,4,51,12,2014,0,0,0,70.42857142857143,111.88
2014-12-20,135,156,1.29,0,0,5,51,12,2014,1,0,0,89.71428571428571,124.03
2014-12-21,118,38,1.29,0,0,6,51,12,2014,1,0,0,106.57142857142857,124.46
2014-12-22,18,116,1.29,0,0,0,52,12,2014,0,0,0,109.14285714285714,42.2
2014-12-23,0,116,1.29,0,0,1,52,12,2014,0,0,0,102.14285714285714,42.42
2014-12-24,14,102,1.29,0,1,2,52,12,2014,0,0,0,81.71428571428571,137.83
2014-12-25,0,102,1.29,1,0,3,52,12,2014,0,0,0,54.142857142857146,113.13
2014-12-26,20,82,1.29,0,0,4,52,12,2014,0,0,0,43.57142857142857,43.97
2014-12-27,42,328,1.29,0,0,5,52,12,2014,1,0,0,30.285714285714285,69.22
2014-12-28,45,283,1.29,0,0,6,52,12,2014,1,0,0,19.857142857142858,75.9
2014-12-29,55,612,1.29,0,0,0,1,12,2014,0,0,0,25.142857142857142,67.58
2014-12-30,59,553,1.29,0,0,1,1,12,2014,0,0,0,33.57142857142857,65.34
2014-12-31,11,542,1.29,0,1,2,1,12,2014,0,0,1,33.142857142857146,109.05
2015-01-01,0,542,1.29,1,0,3,1,1,2015,0,1,0,33.142857142857146,60.22
2015-01-02,77,561,1.29,0,0,4,1,1,2015,0,0,0,41.285714285714285,74.32
2015-01-03,60,2229,1.29,0,0,5,1,1,2015,1,0,0,43.857142857142854,97.76
2015-01-04,1,2228,1.29,0,0,6,1,1,2015,1,0,0,37.57142857142857,87.8
2015-01-05,69,2351,1.29,0,0,0,2,1,2015,0,0,0,39.57142857142857,96.95
2015-01-06,98,2253,1.29,0,1,1,2,1,2015,0,0,0,45.142857142857146,167.84
2015-01-07,119,2134,1.29,0,0,2,2,1,2015,0,0,0,60.57142857142857,123.02
2015-01-08,93,2137,1.29,0,1,3,2,1,2015,0,0,0,73.85714285714286,150.67
2015-01-09,92,2045,1.29,0,1,4,2,1,2015,0,0,0,76.0,143.91
2015-01-10,112,1933,1.29,0,0,5,2,1,2015,1,0,0,83.42857142857143,110.12
2015-01-11,96,1837,1.29,0,0,6,2,1,2015,1,0,0,97.0,92.84
2015-01-12,93,1744,1.29,0,0,0,3,1,2015,0,0,0,100.42857142857143,60.75
2015-01-13,65,1679,1.29,0,0,1,3,1,2015,0,0,0,95.71428571428571,63.1
2015-01-14,100,1581,1.29,0,0,2,3,1,2015,0,0,0,93.0,94.54
2015-01-15,51,1530,1.49,0,0,3,3,1,2015,0,0,0,87.0,64.23
2015-01-16,55,1475,1.49,0,0,4,3,1,2015,0,0,0,81.71428571428571,57.1
2015-01-17,71,1403,1.49,0,0,5,3,1,2015,1,0,0,75.85714285714286,84.43
2015-01-18,57,1346,1.49,0,0,6,3,1,2015,1,0,0,70.28571428571429,73.39
2015-01-19,34,1312,1.49,0,0,0,4,1,2015,0,0,0,61.857142857142854,47.2
2015-01-20,47,1265,1.49,0,0,1,4,1,2015,0,0,0,59.285714285714285,53.3
2015-01-21,88,1177,1.29,0,0,2,4,1,2015,0,0,0,57.57142857142857,85.77
2015-01-22,51,1126,1.29,0,0,3,4,1,2015,0,0,0,57.57142857142857,60.13
2015-01-23,49,1076,1.29,0,0,4,4,1,2015,0,0,0,56.714285714285715,53.74
2015-01-24,110,966,1.29,0,0,5,4,1,2015,1,0,0,62.285714285714285,100.15
2015-01-25,30,936,1.29,0,1,6,4,1,2015,1,0,0,58.42857142857143,66.33
2015-01-26,59,877,1.29,0,0,0,5,1,2015,0,0,0,62.0,74.22
2015-01-27,97,780,1.29,0,0,1,5,1,2015,0,0,0,69.14285714285714,88.47
2015-01-28,155,625,1.29,0,0,2,5,1,2015,0,0,0,78.71428571428571,140.24
2015-01-29,125,500,1.29,0,0,3,5,1,2015,0,0,0,89.28571428571429,124.69
2015-01-30,100,496,1.29,0,0,4,5,1,2015,0,0,0,96.57142857142857,105.48
2015-01-31,211,285,1.29,0,0,5,5,1,2015,1,0,1,111.0,173.67
2015-02-01,88,197,1.29,0,1,6,5,2,2015,1,1,0,119.28571428571429,112.86
2015-02-02,114,467,1.29,0,0,0,6,2,2015,0,0,0,127.14285714285714,101.88
2015-02-03,89,570,1.29,0,0,1,6,2,2015,0,0,0,126.0,94.9
2015-02-04,118,548,1.29,0,0,2,6,2,2015,0,0,0,120.71428571428571,113.71
2015-02-05,84,1136,1.29,0,0,3,6,2,2015,0,0,0,114.85714285714286,93.41
2015-02-06,125,1299,1.29,0,1,4,6,2,2015,0,0,0,118.42857142857143,160.98
2015-02-07,184,1211,1.04,0,1,5,6,2,2015,1,0,0,114.57142857142857,215.97
2015-02-08,107,1104,1.29,0,0,6,6,2,2015,1,0,0,117.28571428571429,90.49
2015-02-09,70,1033,1.29,0,0,0,7,2,2015,0,0,0,111.0,70.78
2015-02-10,66,1063,1.29,0,0,1,7,2,2015,0,0,0,107.71428571428571,68.38
2015-02-11,89,974,1.29,0,0,2,7,2,2015,0,0,0,103.57142857142857,81.38
2015-02-12,50,1116,2.84,0,1,3,7,2,2015,0,0,0,98.71428571428571,88.0
2015-02-13,20,1096,2.89,0,0,4,7,2,2015,0,0,0,83.71428571428571,38.72
2015-02-14,77,1019,2.89,0,0,5,7,2,2015,1,0,0,68.42857142857143,87.11
2015-02-15,33,986,2.89,0,0,6,7,2,2015,1,0,0,57.857142857142854,51.99
2015-02-16,47,1035,2.89,0,1,0,8,2,2015,0,0,0,54.57142857142857,63.23
2015-02-17,35,1000,2.89,0,0,1,8,2,2015,0,0,0,50.142857142857146,40.24
2015-02-18,60,1228,2.89,0,0,2,8,2,2015,0,0,0,46.0,56.32
2015-02-19,31,1197,2.89,0,1,3,8,2,2015,0,0,0,43.285714285714285,81.93
2015-02-20,35,1162,2.89,0,0,4,8,2,2015,0,0,0,45.42857142857143,39.21
2015-02-21,80,1082,2.87,0,0,5,8,2,2015,1,0,0,45.857142857142854,85.68
2015-02-22,42,1039,2.89,0,1,6,8,2,2015,1,0,0,47.142857142857146,83.8
2015-02-23,23,1016,2.89,0,1,0,9,2,2015,0,0,0,43.714285714285715,46.55
2015-02-24,19,997,2.89,0,0,1,9,2,2015,0,0,0,41.42857142857143,21.87
2015-02-25,18,1075,2.89,0,0,2,9,2,2015,0,0,0,35.42857142857143,30.36
2015-02-26,37,1134,2.89,0,0,3,9,2,2015,0,0,0,36.285714285714285,37.27
2015-02-27,50,1084,2.89,0,0,4,9,2,2015,0,0,0,38.42857142857143,46.51
2015-02-28,127,957,2.89,0,0,5,9,2,2015,1,0,1,45.142857142857146,127.7
2015-03-01,123,834,2.89,0,0,6,9,3,2015,1,1,0,56.714285714285715,100.99
2015-03-02,44,789,2.89,0,0,0,10,3,2015,0,0,0,59.714285714285715,38.26
2015-03-03,22,767,2.89,0,0,1,10,3,2015,0,0,0,60.142857142857146,29.04
2015-03-04,31,736,2.89,0,0,2,10,3,2015,0,0,0,62.0,35.49
2015-03-05,22,714,2.89,0,0,3,10,3,2015,0,0,0,59.857142857142854,34.67
2015-03-06,40,674,2.89,0,0,4,10,3,2015,0,0,0,58.42857142857143,59.51
2015-03-07,62,612,2.89,0,0,5,10,3,2015,1,0,0,49.142857142857146,142.26
2015-03-08,59,553,2.89,0,0,6,10,3,2015,1,0,0,40.0,64.62
2015-03-09,28,525,2.89,0,0,0,11,3,2015,0,0,0,37.714285714285715,46.65
2015-03-10,68,458,1.49,0,1,1,11,3,2015,0,0,0,44.285714285714285,75.1
2015-03-11,73,385,1.49,0,0,2,11,3,2015,0,0,0,50.285714285714285,85.7
2015-03-12,87,298,1.49,0,0,3,11,3,2015,0,0,0,59.57142857142857,91.63
2015-03-13,175,1878,1.29,0,0,4,11,3,2015,0,0,0,78.85714285714286,156.48
2015-03-14,300,1575,1.29,0,0,5,11,3,2015,1,0,0,112.85714285714286,267.03
2015-03-15,196,1379,1.29,0,0,6,11,3,2015,1,0,0,132.42857142857142,129.94
2015-03-16,123,1256,1.29,0,0,0,12,3,2015,0,0,0,146.0,114.56
2015-03-17,168,1088,1.29,0,0,1,12,3,2015,0,0,0,160.28571428571428,132.97
2015-03-18,209,1263,1.29,0,0,2,12,3,2015,0,0,0,179.71428571428572,172.75
2015-03-19,188,1075,1.29,0,0,3,12,3,2015,0,0,0,194.14285714285714,169.68
2015-03-20,219,856,1.29,0,0,4,12,3,2015,0,0,0,200.42857142857142,199.83
2015-03-21,381,475,1.29,0,0,5,12,3,2015,1,0,0,212.0,318.35
2015-03-22,158,317,1.29,0,0,6,12,3,2015,1,0,0,206.57142857142858,155.9
2015-03-23,12,304,1.49,0,0,0,13,3,2015,0,0,0,190.71428571428572,23.0
2015-03-24,8,296,1.29,0,1,1,13,3,2015,0,0,0,167.85714285714286,45.64
2015-03-25,10,286,1.29,0,0,2,13,3,2015,0,0,0,139.42857142857142,51.4
2015-03-26,88,774,1.29,0,0,3,13,3,2015,0,0,0,125.14285714285714,86.83
2015-03-27,196,770,1.29,0,0,4,13,3,2015,0,0,0,121.85714285714286,146.04
2015-03-28,206,660,1.29,0,1,5,13,3,2015,1,0,0,96.85714285714286,276.23
2015-03-29,83,577,1.29,0,1,6,13,3,2015,1,0,0,86.14285714285714,125.79
2015-03-30,0,673,1.49,0,0,0,14,3,2015,0,0,0,84.42857142857143,7.71
2015-03-31,0,673,1.49,0,0,1,14,3,2015,0,0,1,83.28571428571429,14.31
2015-04-01,27,646,1.49,0,0,2,14,4,2015,0,1,0,85.71428571428571,45.73
2015-04-02,27,1002,1.49,0,0,3,14,4,2015,0,0,0,77.0,43.25
2015-04-03,54,1044,1.49,1,0,4,14,4,2015,0,0,0,56.714285714285715,87.13
2015-04-04,136,908,1.49,0,0,5,14,4,2015,1,0,0,46.714285714285715,134.84
2015-04-05,55,853,1.49,0,1,6,14,4,2015,1,0,0,42.714285714285715,90.8
2015-04-06,22,831,1.49,0,0,0,15,4,2015,0,0,0,45.857142857142854,24.74
2015-04-07,30,801,1.49,0,0,1,15,4,2015,0,0,0,50.142857142857146,30.95
2015-04-08,30,771,1.49,0,0,2,15,4,2015,0,0,0,50.57142857142857,44.39
2015-04-09,30,930,1.49,0,0,3,15,4,2015,0,0,0,51.0,45.79
2015-04-10,44,1078,1.49,0,0,4,15,4,2015,0,0,0,49.57142857142857,45.77
2015-04-11,39,1423,1.49,0,0,5,15,4,2015,1,0,0,35.714285714285715,66.51
2015-04-12,57,1366,1.49,0,0,6,15,4,2015,1,0,0,36.0,64.21
2015-04-13,30,1336,1.49,0,0,0,16,4,2015,0,0,0,37.142857142857146,33.74
2015-04-14,47,1385,1.49,0,0,1,16,4,2015,0,0,0,39.57142857142857,39.98
2015-04-15,74,1311,1.49,0,0,2,16,4,2015,0,0,0,45.857142857142854,63.86
2015-04-16,114,1196,1.39,0,1,3,16,4,2015,0,0,0,57.857142857142854,121.26
2015-04-17,40,1156,1.39,0,0,4,16,4,2015,0,0,0,57.285714285714285,45.25
2015-04-18,62,1094,1.39,0,0,5,16,4,2015,1,0,0,60.57142857142857,70.05
2015-04-19,62,1032,1.39,0,1,6,16,4,2015,1,0,0,61.285714285714285,71.35
2015-04-20,135,897,1.39,0,0,0,17,4,2015,0,0,0,76.28571428571429,50.57
2015-04-21,175,722,1.39,1,1,1,17,4,2015,0,0,0,94.57142857142857,187.92
2015-04-22,82,736,1.39,0,0,2,17,4,2015,0,0,0,95.71428571428571,82.27
2015-04-23,62,674,1.4,0,1,3,17,4,2015,0,0,0,88.28571428571429,97.82
2015-04-24,88,586,1.4,0,0,4,17,4,2015,0,0,0,95.14285714285714,75.82
2015-04-25,152,434,1.4,0,1,5,17,4,2015,1,0,0,108.0,187.53
2015-04-26,64,370,1.4,0,0,6,17,4,2015,1,0,0,108.28571428571429,69.86
2015-04-27,67,591,1.4,0,1,0,18,4,2015,0,0,0,98.57142857142857,73.84
2015-04-28,73,806,1.39,0,0,1,18,4,2015,0,0,0,84.0,70.15
2015-04-29,130,676,1.39,0,0,2,18,4,2015,0,0,0,90.85714285714286,106.17
2015-04-30,115,657,1.39,0,1,3,18,4,2015,0,0,1,98.42857142857143,103.61
2015-05-01,260,397,1.39,1,0,4,18,5,2015,0,1,0,123.0,215.75
2015-05-02,228,169,1.39,0,0,5,18,5,2015,1,0,0,133.85714285714286,167.93
2015-05-03,120,49,1.39,0,0,6,18,5,2015,1,0,0,141.85714285714286,108.01
2015-05-04,31,18,1.39,0,0,0,19,5,2015,0,0,0,136.71428571428572,25.18
2015-05-05,0,18,1.39,0,0,1,19,5,2015,0,0,0,126.28571428571429,27.38
2015-05-06,3,15,1.39,0,0,2,19,5,2015,0,0,0,108.14285714285714,26.28
2015-05-07,0,15,1.39,0,1,3,19,5,2015,0,0,0,91.71428571428571,64.57
2015-05-08,0,15,1.39,0,0,4,19,5,2015,0,0,0,54.57142857142857,18.73
2015-05-09,0,15,0.0,0,0,5,19,5,2015,1,0,0,22.0,49.53
2015-05-10,0,15,1.49,0,1,6,19,5,2015,1,0,0,4.857142857142857,43.12
2015-05-11,1,14,1.49,0,1,0,20,5,2015,0,0,0,0.5714285714285714,18.38
2015-05-12,0,14,1.49,0,0,1,20,5,2015,0,0,0,0.5714285714285714,4.36
2015-05-13,1,13,1.49,0,0,2,20,5,2015,0,0,0,0.2857142857142857,5.36
2015-05-14,1,12,1.49,0,0,3,20,5,2015,0,0,0,0.42857142857142855,7.07
2015-05-15,1,10,1.49,0,0,4,20,5,2015,0,0,0,0.5714285714285714,9.67
2015-05-16,0,10,1.49,0,0,5,20,5,2015,1,0,0,0.5714285714285714,51.61
2015-05-17,0,10,1.49,0,0,6,20,5,2015,1,0,0,0.5714285714285714,54.61
2015-05-18,0,10,1.49,0,0,0,21,5,2015,0,0,0,0.42857142857142855,3.46
2015-05-19,1,9,1.49,0,0,1,21,5,2015,0,0,0,0.5714285714285714,0.66
2015-05-20,0,9,1.49,0,1,2,21,5,2015,0,0,0,0.42857142857142855,9.14
2015-05-21,0,9,1.49,0,1,3,21,5,2015,0,0,0,0.2857142857142857,8.23
2015-05-22,0,9,1.49,0,0,4,21,5,2015,0,0,0,0.14285714285714285,6.02
2015-05-23,0,9,1.49,0,0,5,21,5,2015,1,0,0,0.14285714285714285,16.89
2015-05-24,0,9,1.49,0,0,6,21,5,2015,1,0,0,0.14285714285714285,21.2
2015-05-25,0,9,1.39,0,0,0,22,5,2015,0,0,0,0.14285714285714285,1.21
2015-05-26,0,9,1.39,0,0,1,22,5,2015,0,0,0,0.0,0.1
2015-05-27,0,9,1.39,0,0,2,22,5,2015,0,0,0,0.0,2.13
2015-05-28,0,9,1.39,0,1,3,22,5,2015,0,0,0,0.0,11.32
2015-05-29,0,9,1.39,0,0,4,22,5,2015,0,0,0,0.0,8.76
2015-05-30,0,9,1.39,0,1,5,22,5,2015,1,0,0,0.0,39.93
2015-05-31,0,9,1.39,0,0,6,22,5,2015,1,0,1,0.0,21.71
2015-06-01,0,105,1.39,0,0,0,23,6,2015,0,1,0,0.0,11.04
2015-06-02,0,105,1.39,0,0,1,23,6,2015,0,0,0,0.0,32.84
2015-06-03,0,105,1.39,0,1,2,23,6,2015,0,0,0,0.0,43.85
2015-06-04,0,105,1.39,0,1,3,23,6,2015,0,0,0,0.0,82.42
2015-06-05,168,1377,1.39,0,0,4,23,6,2015,0,0,0,24.0,144.08
2015-06-06,201,1176,1.2,0,0,5,23,6,2015,1,0,0,52.714285714285715,205.78
2015-06-07,147,1029,1.19,0,0,6,23,6,2015,1,0,0,73.71428571428571,180.86
2015-06-08,119,910,1.19,0,0,0,24,6,2015,0,0,0,90.71428571428571,98.59
2015-06-09,122,788,1.19,0,1,1,24,6,2015,0,0,0,108.14285714285714,91.21
2015-06-10,149,639,1.19,0,0,2,24,6,2015,0,0,0,129.42857142857142,115.2
2015-06-11,111,720,1.19,0,0,3,24,6,2015,0,0,0,145.28571428571428,109.19
2015-06-12,95,721,1.19,0,0,4,24,6,2015,0,0,0,134.85714285714286,113.97
2015-06-13,237,675,1.19,0,1,5,24,6,2015,1,0,0,140.0,134.9
2015-06-14,110,565,1.19,0,0,6,24,6,2015,1,0,0,134.71428571428572,117.72
2015-06-15,104,653,1.19,0,0,0,25,6,2015,0,0,0,132.57142857142858,99.41
2015-06-16,61,592,1.19,0,0,1,25,6,2015,0,0,0,123.85714285714286,77.4
2015-06-17,40,1127,1.29,0,0,2,25,6,2015,0,0,0,108.28571428571429,85.29
2015-06-18,114,1301,1.29,0,0,3,25,6,2015,0,0,0,108.71428571428571,105.84
2015-06-19,129,1172,1.29,0,0,4,25,6,2015,0,0,0,113.57142857142857,121.11
2015-06-20,111,1061,1.29,0,1,5,25,6,2015,1,0,0,95.57142857142857,137.95
2015-06-21,146,915,1.29,0,0,6,25,6,2015,1,0,0,100.71428571428571,136.69
2015-06-22,57,858,1.49,0,1,0,26,6,2015,0,0,0,94.0,109.86
2015-06-23,19,839,1.49,0,1,1,26,6,2015,0,0,0,88.0,93.45
2015-06-24,27,1291,1.49,0,0,2,26,6,2015,0,0,0,86.14285714285714,60.74
2015-06-25,62,1229,1.49,0,0,3,26,6,2015,0,0,0,78.71428571428571,89.73
2015-06-26,95,1902,1.49,0,1,4,26,6,2015,0,0,0,73.85714285714286,138.27
2015-06-27,183,1719,1.39,0,0,5,26,6,2015,1,0,0,84.14285714285714,164.36
2015-06-28,94,1624,1.39,0,0,6,26,6,2015,1,0,0,76.71428571428571,115.05
2015-06-29,116,1606,1.39,0,0,0,27,6,2015,0,0,0,85.14285714285714,111.24
2015-06-30,63,1543,1.39,0,0,1,27,6,2015,0,0,1,91.42857142857143,68.37
2015-07-01,147,1396,1.39,0,1,2,27,7,2015,0,1,0,108.57142857142857,163.78
2015-07-02,101,1295,1.39,0,0,3,27,7,2015,0,0,0,114.14285714285714,112.59
2015-07-03,248,1047,1.29,0,0,4,27,7,2015,0,0,0,136.0,192.0
2015-07-04,142,905,1.29,0,0,5,27,7,2015,1,0,0,130.14285714285714,172.69
2015-07-05,186,719,1.29,0,0,6,27,7,2015,1,0,0,143.28571428571428,182.37
2015-07-06,109,898,1.29,0,0,0,28,7,2015,0,0,0,142.28571428571428,122.0
2015-07-07,228,957,1.29,0,0,1,28,7,2015,0,0,0,165.85714285714286,174.27
2015-07-08,66,1083,1.29,0,0,2,28,7,2015,0,0,0,154.28571428571428,88.06
2015-07-09,182,901,1.29,0,0,3,28,7,2015,0,0,0,165.85714285714286,76.59
2015-07-10,1,996,1.29,0,0,4,28,7,2015,0,0,0,130.57142857142858,49.48
2015-07-11,64,1124,1.29,0,0,5,28,7,2015,1,0,0,119.42857142857143,74.58
2015-07-12,118,1006,1.29,0,1,6,28,7,2015,1,0,0,109.71428571428571,143.94
2015-07-13,55,950,1.29,0,0,0,29,7,2015,0,0,0,102.0,51.92
2015-07-14,43,907,1.27,0,0,1,29,7,2015,0,0,0,75.57142857142857,52.65
2015-07-15,95,812,1.28,0,1,2,29,7,2015,0,0,0,79.71428571428571,109.5
2015-07-16,54,758,1.28,0,0,3,29,7,2015,0,0,0,61.42857142857143,56.73
2015-07-17,85,673,1.28,0,0,4,29,7,2015,0,0,0,73.42857142857143,70.34
2015-07-18,92,869,1.27,0,0,5,29,7,2015,1,0,0,77.42857142857143,91.07
2015-07-19,61,808,1.28,0,0,6,29,7,2015,1,0,0,69.28571428571429,65.1
2015-07-20,111,697,1.27,0,0,0,30,7,2015,0,0,0,77.28571428571429,29.98
2015-07-21,7,1170,1.28,0,0,1,30,7,2015,0,0,0,72.14285714285714,22.81
2015-07-22,4,1262,1.28,0,0,2,30,7,2015,0,0,0,59.142857142857146,28.92
2015-07-23,66,1292,1.27,0,0,3,30,7,2015,0,0,0,60.857142857142854,60.54
2015-07-24,95,1197,1.28,0,0,4,30,7,2015,0,0,0,62.285714285714285,91.09
2015-07-25,190,1103,1.27,0,0,5,30,7,2015,1,0,0,76.28571428571429,150.12
2015-07-26,60,1043,1.28,0,0,6,30,7,2015,1,0,0,76.14285714285714,59.89
2015-07-27,42,1097,1.27,0,0,0,31,7,2015,0,0,0,66.28571428571429,49.58
2015-07-28,79,1306,1.27,0,0,1,31,7,2015,0,0,0,76.57142857142857,61.19
2015-07-29,109,1581,1.27,0,1,2,31,7,2015,0,0,0,91.57142857142857,121.64
2015-07-30,165,1416,1.28,0,0,3,31,7,2015,0,0,0,105.71428571428571,122.16
2015-07-31,99,1317,1.27,0,0,4,31,7,2015,0,0,1,106.28571428571429,107.57
2015-08-01,233,1084,1.48,0,0,5,31,8,2015,1,1,0,112.42857142857143,204.41
2015-08-02,16,1067,1.48,0,0,6,31,8,2015,1,0,0,106.14285714285714,34.9
2015-08-03,2,1065,1.46,0,0,0,32,8,2015,0,0,0,100.42857142857143,19.31
2015-08-04,5,1060,1.47,0,1,1,32,8,2015,0,0,0,89.85714285714286,28.19
2015-08-05,22,1038,1.48,0,1,2,32,8,2015,0,0,0,77.42857142857143,93.2
2015-08-06,8,1030,1.49,0,0,3,32,8,2015,0,0,0,55.0,39.09
2015-08-07,65,321,1.48,0,1,4,32,8,2015,0,0,0,50.142857142857146,126.78
2015-08-08,157,451,1.48,0,0,5,32,8,2015,1,0,0,39.285714285714285,163.69
2015-08-09,65,386,1.48,0,0,6,32,8,2015,1,0,0,46.285714285714285,56.52
2015-08-10,90,296,1.48,0,0,0,33,8,2015,0,0,0,58.857142857142854,56.38
2015-08-11,3,1157,1.18,0,1,1,33,8,2015,0,0,0,58.57142857142857,39.68
2015-08-12,5,1152,1.18,0,0,2,33,8,2015,0,0,0,56.142857142857146,52.64
2015-08-13,1,2015,1.19,0,0,3,33,8,2015,0,0,0,55.142857142857146,14.42
2015-08-14,65,2046,1.18,0,0,4,33,8,2015,0,0,0,55.142857142857146,59.91
2015-08-15,235,1811,1.17,0,0,5,33,8,2015,1,0,0,66.28571428571429,194.93
2015-08-16,76,1735,1.18,0,0,6,33,8,2015,1,0,0,67.85714285714286,70.45
2015-08-17,2,1733,1.19,0,0,0,34,8,2015,0,0,0,55.285714285714285,67.65
2015-08-18,101,1632,1.18,0,0,1,34,8,2015,0,0,0,69.28571428571429,84.39
2015-08-19,162,1470,1.17,0,0,2,34,8,2015,0,0,0,91.71428571428571,90.18
2015-08-20,25,1446,1.17,0,0,3,34,8,2015,0,0,0,95.14285714285714,33.04
2015-08-21,4,1442,1.16,0,0,4,34,8,2015,0,0,0,86.42857142857143,37.66
2015-08-22,1,1441,1.19,0,0,5,34,8,2015,1,0,0,53.0,90.86
2015-08-23,75,1366,1.17,0,0,6,34,8,2015,1,0,0,52.857142857142854,71.51
2015-08-24,32,1334,1.18,0,1,0,35,8,2015,0,0,0,57.142857142857146,59.97
2015-08-25,76,1258,1.18,0,0,1,35,8,2015,0,0,0,53.57142857142857,80.23
2015-08-26,6,1252,1.17,0,0,2,35,8,2015,0,0,0,31.285714285714285,110.8
2015-08-27,65,1285,1.18,0,0,3,35,8,2015,0,0,0,37.0,63.75
2015-08-28,145,1140,1.17,0,0,4,35,8,2015,0,0,0,57.142857142857146,113.83
2015-08-29,78,1062,1.17,0,0,5,35,8,2015,1,0,0,68.14285714285714,79.71
2015-08-30,6,1055,1.18,0,0,6,35,8,2015,1,0,0,58.285714285714285,30.54
2015-08-31,0,1151,1.19,0,0,0,36,8,2015,0,0,1,53.714285714285715,24.51
2015-09-01,126,1217,1.18,0,0,1,36,9,2015,0,1,0,60.857142857142854,100.68
2015-09-02,240,1073,1.17,0,0,2,36,9,2015,0,0,0,94.28571428571429,176.9
2015-09-03,67,1006,1.68,0,0,3,36,9,2015,0,0,0,94.57142857142857,91.64
2015-09-04,140,863,1.68,0,0,4,36,9,2015,0,0,0,93.85714285714286,129.56
2015-09-05,208,655,1.68,0,0,5,36,9,2015,1,0,0,112.42857142857143,108.53
2015-09-06,76,579,1.68,0,0,6,36,9,2015,1,0,0,122.42857142857143,67.65
2015-09-07,240,339,1.68,1,0,0,37,9,2015,0,0,0,156.71428571428572,229.44
2015-09-08,52,575,1.01,0,0,1,37,9,2015,0,0,0,146.14285714285714,69.07
2015-09-09,111,464,0.94,0,0,2,37,9,2015,0,0,0,127.71428571428571,137.24
2015-09-10,176,288,0.97,0,0,3,37,9,2015,0,0,0,143.28571428571428,135.88
2015-09-11,84,300,1.01,0,0,4,37,9,2015,0,0,0,135.28571428571428,105.36
2015-09-12,171,129,1.0,0,0,5,37,9,2015,1,0,0,130.0,141.75
2015-09-13,102,27,0.99,0,1,6,37,9,2015,1,0,0,133.71428571428572,127.41
2015-09-14,69,0,0.97,0,1,0,38,9,2015,0,0,0,109.28571428571429,106.09
2015-09-15,77,0,0.93,0,0,1,38,9,2015,0,0,0,112.85714285714286,77.73
2015-09-16,174,0,0.97,0,0,2,38,9,2015,0,0,0,121.85714285714286,146.42
2015-09-17,69,0,1.68,0,0,3,38,9,2015,0,0,0,106.57142857142857,78.62
2015-09-18,52,930,1.68,0,0,4,38,9,2015,0,0,0,102.0,68.84
2015-09-19,42,1080,1.68,0,0,5,38,9,2015,1,0,0,83.57142857142857,128.22
2015-09-20,1,1079,1.69,0,0,6,38,9,2015,1,0,0,69.14285714285714,52.06
2015-09-21,62,1016,1.68,0,0,0,39,9,2015,0,0,0,68.14285714285714,68.91
2015-09-22,88,928,1.68,0,0,1,39,9,2015,0,0,0,69.71428571428571,78.99
2015-09-23,60,1348,1.68,0,0,2,39,9,2015,0,0,0,53.42857142857143,84.43
2015-09-24,2,1442,1.66,0,0,3,39,9,2015,0,0,0,43.857142857142854,27.65
2015-09-25,3,1631,1.69,0,0,4,39,9,2015,0,0,0,36.857142857142854,56.78
2015-09-26,9,1622,1.76,0,0,5,39,9,2015,1,0,0,32.142857142857146,92.75
2015-09-27,142,1480,1.78,0,0,6,39,9,2015,1,0,0,52.285714285714285,103.68
2015-09-28,90,1580,1.78,0,0,0,40,9,2015,0,0,0,56.285714285714285,75.0
2015-09-29,20,1560,1.78,0,0,1,40,9,2015,0,0,0,46.57142857142857,44.44
2015-09-30,37,1523,1.78,0,1,2,40,9,2015,0,0,1,43.285714285714285,74.21
2015-10-01,86,1437,1.78,0,0,3,40,10,2015,0,1,0,55.285714285714285,92.7
2015-10-02,166,1367,1.78,0,0,4,40,10,2015,0,0,0,78.57142857142857,64.09
2015-10-03,391,976,1.48,0,0,5,40,10,2015,1,0,0,133.14285714285714,79.55
2015-10-04,56,919,1.47,0,0,6,40,10,2015,1,0,0,120.85714285714286,69.86
2015-10-05,64,951,1.47,0,0,0,41,10,2015,0,0,0,117.14285714285714,72.37
2015-10-06,35,916,1.48,0,0,1,41,10,2015,0,0,0,119.28571428571429,45.28
2015-10-07,40,875,1.47,0,0,2,41,10,2015,0,0,0,119.71428571428571,54.28
2015-10-08,21,1526,1.48,0,0,3,41,10,2015,0,0,0,110.42857142857143,35.81
2015-10-09,42,1484,1.48,0,0,4,41,10,2015,0,0,0,92.71428571428571,57.28
2015-10-10,95,1389,1.48,0,0,5,41,10,2015,1,0,0,50.42857142857143,96.9
2015-10-11,85,1304,1.48,0,0,6,41,10,2015,1,0,0,54.57142857142857,86.29
2015-10-12,140,1356,1.47,1,0,0,42,10,2015,0,0,0,65.42857142857143,235.06
2015-10-13,80,1276,1.48,0,0,1,42,10,2015,0,0,0,71.85714285714286,71.49
2015-10-14,91,1185,1.48,0,1,2,42,10,2015,0,0,0,79.14285714285714,118.81
2015-10-15,65,1120,1.48,0,0,3,42,10,2015,0,0,0,85.42857142857143,76.83
2015-10-16,166,1146,1.48,0,0,4,42,10,2015,0,0,0,103.14285714285714,146.18
2015-10-17,137,1297,1.48,0,0,5,42,10,2015,1,0,0,109.14285714285714,131.12
2015-10-18,174,1123,1.48,0,0,6,42,10,2015,1,0,0,121.85714285714286,145.5
2015-10-19,120,1291,1.48,0,0,0,43,10,2015,0,0,0,119.0,118.34
2015-10-20,93,1198,1.78,0,0,1,43,10,2015,0,0,0,120.85714285714286,91.81
2015-10-21,100,1096,1.78,0,0,2,43,10,2015,0,0,0,122.14285714285714,122.5
2015-10-22,137,1055,1.27,0,0,3,43,10,2015,0,0,0,132.42857142857142,115.99
2015-10-23,241,1006,1.27,0,0,4,43,10,2015,0,0,0,143.14285714285714,204.16
2015-10-24,113,893,1.27,0,0,5,43,10,2015,1,0,0,139.71428571428572,121.6
2015-10-25,257,636,1.28,0,0,6,43,10,2015,1,0,0,151.57142857142858,145.96
2015-10-26,166,474,1.28,0,0,0,44,10,2015,0,0,0,158.14285714285714,145.6
2015-10-27,162,312,1.28,0,0,1,44,10,2015,0,0,0,168.0,113.62
2015-10-28,247,1121,1.28,0,0,2,44,10,2015,0,0,0,189.0,185.05
2015-10-29,70,1435,1.78,0,0,3,44,10,2015,0,0,0,179.42857142857142,108.48
2015-10-30,139,1296,1.35,0,1,4,44,10,2015,0,0,0,164.85714285714286,169.55
2015-10-31,195,1293,1.34,0,0,5,44,10,2015,1,0,1,176.57142857142858,173.79
2015-11-01,206,1087,1.34,0,0,6,44,11,2015,1,1,0,169.28571428571428,184.41
2015-11-02,268,819,1.35,1,0,0,45,11,2015,0,0,0,183.85714285714286,234.12
2015-11-03,59,760,1.35,0,0,1,45,11,2015,0,0,0,169.14285714285714,67.55
2015-11-04,99,1237,1.34,0,0,2,45,11,2015,0,0,0,148.0,109.25
2015-11-05,63,1366,1.75,0,0,3,45,11,2015,0,0,0,147.0,67.07
2015-11-06,77,1577,1.76,0,0,4,45,11,2015,0,0,0,138.14285714285714,88.97
2015-11-07,232,1345,2.18,0,0,5,45,11,2015,1,0,0,143.42857142857142,158.89
2015-11-08,157,1188,2.18,0,0,6,45,11,2015,1,0,0,136.42857142857142,147.49
2015-11-09,107,1081,2.19,0,1,0,46,11,2015,0,0,0,113.42857142857143,139.56
2015-11-10,57,1023,2.18,0,0,1,46,11,2015,0,0,0,113.14285714285714,68.85
2015-11-11,95,930,2.18,0,0,2,46,11,2015,0,0,0,112.57142857142857,103.95
2015-11-12,86,844,2.19,0,0,3,46,11,2015,0,0,0,115.85714285714286,79.91
2015-11-13,102,742,2.19,0,1,4,46,11,2015,0,0,0,119.42857142857143,137.72
2015-11-14,184,846,1.79,0,0,5,46,11,2015,1,0,0,112.57142857142857,159.91
2015-11-15,138,708,1.79,1,0,6,46,11,2015,1,0,0,109.85714285714286,137.23
2015-11-16,106,698,2.19,0,1,0,47,11,2015,0,0,0,109.71428571428571,137.21
2015-11-17,89,609,2.19,0,1,1,47,11,2015,0,0,0,114.28571428571429,126.29
2015-11-18,107,502,2.19,0,0,2,47,11,2015,0,0,0,116.0,98.41
2015-11-19,78,424,2.19,0,0,3,47,11,2015,0,0,0,114.85714285714286,77.16
2015-11-20,185,238,2.19,0,0,4,47,11,2015,0,0,0,126.71428571428571,73.25
2015-11-21,151,87,2.19,0,0,5,47,11,2015,1,0,0,122.0,138.07
2015-11-22,97,0,2.19,0,1,6,47,11,2015,1,0,0,116.14285714285714,133.58
2015-11-23,76,0,2.19,0,0,0,48,11,2015,0,0,0,111.85714285714286,121.48
2015-11-24,140,0,2.19,0,0,1,48,11,2015,0,0,0,119.14285714285714,115.39
2015-11-25,137,0,2.67,0,0,2,48,11,2015,0,0,0,123.42857142857143,119.95
2015-11-26,84,0,2.69,0,0,3,48,11,2015,0,0,0,124.28571428571429,81.19
2015-11-27,0,0,2.69,0,0,4,48,11,2015,0,0,0,97.85714285714286,33.39
2015-11-28,7,0,2.69,0,0,5,48,11,2015,1,0,0,77.28571428571429,34.06
2015-11-29,5,0,2.69,0,0,6,48,11,2015,1,0,0,64.14285714285714,32.08
2015-11-30,22,0,2.69,0,0,0,49,11,2015,0,0,1,56.42857142857143,87.6
2015-12-01,36,0,2.29,0,0,1,49,12,2015,0,1,0,41.57142857142857,53.34
2015-12-02,36,1655,2.29,0,0,2,49,12,2015,0,0,0,27.142857142857142,53.73
2015-12-03,38,2001,2.29,0,0,3,49,12,2015,0,0,0,20.571428571428573,42.62
2015-12-04,95,1905,2.29,0,0,4,49,12,2015,0,0,0,34.142857142857146,79.42
2015-12-05,108,1893,2.25,0,0,5,49,12,2015,1,0,0,48.57142857142857,86.25
2015-12-06,70,1823,2.29,0,0,6,49,12,2015,1,0,0,57.857142857142854,73.3
2015-12-07,78,1745,2.29,0,0,0,50,12,2015,0,0,0,65.85714285714286,86.14
2015-12-08,77,1668,2.29,0,0,1,50,12,2015,0,0,0,71.71428571428571,74.59
2015-12-09,76,1880,2.29,0,0,2,50,12,2015,0,0,0,77.42857142857143,73.46
2015-12-10,59,1821,2.29,0,0,3,50,12,2015,0,0,0,80.42857142857143,60.95
2015-12-11,42,1779,2.29,0,0,4,50,12,2015,0,0,0,72.85714285714286,93.3
2015-12-12,142,1637,2.29,0,0,5,50,12,2015,1,0,0,77.71428571428571,125.45
2015-12-13,116,1521,2.29,0,1,6,50,12,2015,1,0,0,84.28571428571429,150.08
2015-12-14,57,1848,2.29,0,0,0,51,12,2015,0,0,0,81.28571428571429,97.08
2015-12-15,167,1681,2.29,0,0,1,51,12,2015,0,0,0,94.14285714285714,128.64
2015-12-16,154,1527,2.29,0,0,2,51,12,2015,0,0,0,105.28571428571429,147.49
2015-12-17,139,1964,1.39,0,0,3,51,12,2015,0,0,0,116.71428571428571,145.36
2015-12-18,192,1772,1.39,0,0,4,51,12,2015,0,0,0,138.14285714285714,174.0
2015-12-19,295,2533,1.39,0,0,5,51,12,2015,1,0,0,160.0,258.31
2015-12-20,311,2222,1.39,0,0,6,51,12,2015,1,0,0,187.85714285714286,254.54
2015-12-21,251,1971,1.39,0,0,0,52,12,2015,0,0,0,215.57142857142858,198.12
2015-12-22,377,1594,1.39,0,0,1,52,12,2015,0,0,0,245.57142857142858,170.04
2015-12-23,410,1184,1.39,0,1,2,52,12,2015,0,0,0,282.14285714285717,403.73
2015-12-24,161,1023,1.39,0,0,3,52,12,2015,0,0,0,285.2857142857143,179.28
2015-12-25,0,1023,1.39,1,1,4,52,12,2015,0,0,0,257.85714285714283,134.93
2015-12-26,212,811,1.39,0,0,5,52,12,2015,1,0,0,246.0,202.24
2015-12-27,106,705,1.39,0,0,6,52,12,2015,1,0,0,216.71428571428572,149.17
2015-12-28,100,604,1.39,0,1,0,53,12,2015,0,0,0,195.14285714285714,179.85
2015-12-29,9,595,1.39,0,0,1,53,12,2015,0,0,0,142.57142857142858,50.41
2015-12-30,0,595,1.39,0,0,2,53,12,2015,0,0,0,84.0,58.22
2015-12-31,0,595,1.39,0,0,3,53,12,2015,0,0,1,61.0,61.79
2016-01-01,0,595,1.39,1,0,4,53,1,2016,0,1,0,61.0,16.09
2016-01-02,3,592,1.39,0,0,5,53,1,2016,1,0,0,31.142857142857142,27.98
2016-01-03,0,592,2.29,0,0,6,53,1,2016,1,0,0,16.0,23.32
2016-01-04,0,592,1.46,0,0,0,1,1,2016,0,0,0,1.7142857142857142,2.04
2016-01-05,3,589,1.46,0,0,1,1,1,2016,0,0,0,0.8571428571428571,4.69
2016-01-06,3,586,1.46,0,0,2,1,1,2016,0,0,0,1.2857142857142858,10.15
2016-01-07,0,586,1.46,0,0,3,1,1,2016,0,0,0,1.2857142857142858,10.22
2016-01-08,2,584,1.46,0,0,4,1,1,2016,0,0,0,1.5714285714285714,5.62
2016-01-09,0,584,0.0,0,0,5,1,1,2016,1,0,0,1.1428571428571428,8.23
2016-01-10,3,581,1.46,0,0,6,1,1,2016,1,0,0,1.5714285714285714,3.69
2016-01-11,0,581,1.46,0,0,0,2,1,2016,0,0,0,1.5714285714285714,25.14
2016-01-12,103,478,1.46,0,1,1,2,1,2016,0,0,0,15.857142857142858,126.98
2016-01-13,164,314,1.46,0,0,2,2,1,2016,0,0,0,38.857142857142854,80.86
2016-01-14,118,196,1.46,0,0,3,2,1,2016,0,0,0,55.714285714285715,91.86
2016-01-15,65,131,1.46,0,0,4,2,1,2016,0,0,0,64.71428571428571,68.82
2016-01-16,24,107,1.46,0,0,5,2,1,2016,1,0,0,68.14285714285714,61.44
2016-01-17,0,107,0.0,0,0,6,2,1,2016,1,0,0,67.71428571428571,34.68
2016-01-18,1,106,1.46,0,0,0,3,1,2016,0,0,0,67.85714285714286,56.04
2016-01-19,0,106,1.46,0,0,1,3,1,2016,0,0,0,53.142857142857146,52.37
2016-01-20,1,105,1.46,0,0,2,3,1,2016,0,0,0,29.857142857142858,87.46
2016-01-21,60,3213,1.46,0,0,3,3,1,2016,0,0,0,21.571428571428573,85.76
2016-01-22,103,3110,1.35,0,1,4,3,1,2016,0,0,0,27.0,149.62
2016-01-23,263,2847,1.39,0,0,5,3,1,2016,1,0,0,61.142857142857146,228.7
2016-01-24,189,2658,1.39,0,0,6,3,1,2016,1,0,0,88.14285714285714,176.19
2016-01-25,197,2461,1.39,0,1,0,4,1,2016,0,0,0,116.14285714285714,211.18
2016-01-26,105,2356,1.46,0,0,1,4,1,2016,0,0,0,131.14285714285714,116.09
2016-01-27,129,2227,1.46,0,0,2,4,1,2016,0,0,0,149.42857142857142,145.11
2016-01-28,144,2083,1.46,0,1,3,4,1,2016,0,0,0,161.42857142857142,185.18
2016-01-29,173,1910,1.79,0,0,4,4,1,2016,0,0,0,171.42857142857142,134.29
2016-01-30,293,1617,1.79,0,0,5,4,1,2016,1,0,0,175.71428571428572,258.73
2016-01-31,219,1398,1.79,0,0,6,4,1,2016,1,0,1,180.0,204.14
2016-02-01,131,1267,1.79,0,0,0,5,2,2016,0,1,0,170.57142857142858,134.38
2016-02-02,184,1083,1.79,0,0,1,5,2,2016,0,0,0,181.85714285714286,167.67
2016-02-03,266,817,1.79,0,0,2,5,2,2016,0,0,0,201.42857142857142,224.02
2016-02-04,98,815,2.18,0,1,3,5,2,2016,0,0,0,194.85714285714286,178.3
2016-02-05,67,1420,2.29,0,0,4,5,2,2016,0,0,0,179.71428571428572,99.91
2016-02-06,85,1335,2.29,0,0,5,5,2,2016,1,0,0,150.0,101.12
2016-02-07,78,1257,2.29,0,0,6,5,2,2016,1,0,0,129.85714285714286,89.02
2016-02-08,71,1185,2.19,0,0,0,6,2,2016,0,0,0,121.28571428571429,85.64
2016-02-09,113,1072,2.19,0,0,1,6,2,2016,0,0,0,111.14285714285714,111.76
2016-02-10,138,1894,2.19,0,0,2,6,2,2016,0,0,0,92.85714285714286,136.81
2016-02-11,98,1796,2.19,0,0,3,6,2,2016,0,0,0,92.85714285714286,100.3
2016-02-12,96,1700,2.19,0,0,4,6,2,2016,0,0,0,97.0,95.0
2016-02-13,190,1510,2.19,0,1,5,6,2,2016,1,0,0,112.0,135.67
2016-02-14,105,1510,2.19,0,0,6,6,2,2016,1,0,0,115.85714285714286,99.78
2016-02-15,25,1510,2.19,0,0,0,7,2,2016,0,0,0,109.28571428571429,35.3
2016-02-16,47,1909,2.19,0,0,1,7,2,2016,0,0,0,99.85714285714286,52.22
2016-02-17,63,1845,2.19,0,0,2,7,2,2016,0,0,0,89.14285714285714,58.87
2016-02-18,39,1806,2.19,0,0,3,7,2,2016,0,0,0,80.71428571428571,46.17
2016-02-19,35,1771,2.19,0,0,4,7,2,2016,0,0,0,72.0,67.73
2016-02-20,77,1982,2.19,0,0,5,7,2,2016,1,0,0,55.857142857142854,109.27
2016-02-21,60,1922,2.19,0,0,6,7,2,2016,1,0,0,49.42857142857143,82.74
2016-02-22,52,1870,2.19,0,0,0,8,2,2016,0,0,0,53.285714285714285,45.03
2016-02-23,51,1819,2.19,0,0,1,8,2,2016,0,0,0,53.857142857142854,51.64
2016-02-24,37,1782,2.19,0,0,2,8,2,2016,0,0,0,50.142857142857146,45.14
2016-02-25,42,1740,2.19,0,0,3,8,2,2016,0,0,0,50.57142857142857,46.15
2016-02-26,89,1651,2.19,0,0,4,8,2,2016,0,0,0,58.285714285714285,77.99
2016-02-27,217,1367,2.19,0,0,5,8,2,2016,1,0,0,78.28571428571429,175.13
2016-02-28,197,1170,2.19,0,0,6,8,2,2016,1,0,0,97.85714285714286,158.46
2016-02-29,81,1089,2.19,0,0,0,9,2,2016,0,0,1,102.0,66.8
2016-03-01,58,1607,2.19,0,0,1,9,3,2016,0,1,0,103.0,57.23
2016-03-02,120,1487,2.19,0,1,2,9,3,2016,0,0,0,114.85714285714286,154.36
2016-03-03,64,1423,2.19,0,0,3,9,3,2016,0,0,0,118.0,58.44
2016-03-04,64,1743,2.59,0,0,4,9,3,2016,0,0,0,114.42857142857143,68.08
2016-03-05,76,1667,2.59,0,0,5,9,3,2016,1,0,0,94.28571428571429,102.25
2016-03-06,86,1581,2.59,0,1,6,9,3,2016,1,0,0,78.42857142857143,111.22
2016-03-07,98,1867,2.59,0,0,0,10,3,2016,0,0,0,80.85714285714286,37.75
2016-03-08,53,1814,2.59,0,0,1,10,3,2016,0,0,0,80.14285714285714,50.31
2016-03-09,38,1774,2.59,0,0,2,10,3,2016,0,0,0,68.42857142857143,44.13
2016-03-10,46,1728,2.19,0,0,3,10,3,2016,0,0,0,65.85714285714286,46.74
2016-03-11,45,1779,2.19,0,0,4,10,3,2016,0,0,0,63.142857142857146,52.94
2016-03-12,67,1712,2.19,0,1,5,10,3,2016,1,0,0,61.857142857142854,97.35
2016-03-13,52,1660,2.19,0,1,6,10,3,2016,1,0,0,57.0,87.24
2016-03-14,24,1825,2.19,0,0,0,11,3,2016,0,0,0,46.42857142857143,37.13
2016-03-15,51,1774,2.19,0,0,1,11,3,2016,0,0,0,46.142857142857146,53.83
2016-03-16,127,1647,2.19,0,1,2,11,3,2016,0,0,0,58.857142857142854,154.64
2016-03-17,75,1572,2.19,0,0,3,11,3,2016,0,0,0,63.0,65.24
2016-03-18,62,1510,2.19,0,0,4,11,3,2016,0,0,0,65.42857142857143,67.01
2016-03-19,128,1478,1.99,0,0,5,11,3,2016,1,0,0,74.14285714285714,116.71
2016-03-20,138,1340,1.99,0,0,6,11,3,2016,1,0,0,86.42857142857143,104.78
2016-03-21,74,1554,1.99,0,0,0,12,3,2016,0,0,0,93.57142857142857,51.23
2016-03-22,73,1480,2.59,0,0,1,12,3,2016,0,0,0,96.71428571428571,67.39
2016-03-23,100,1380,2.59,0,1,2,12,3,2016,0,0,0,92.85714285714286,140.09
2016-03-24,71,1501,2.59,0,1,3,12,3,2016,0,0,0,92.28571428571429,125.05
2016-03-25,99,1402,2.59,1,0,4,12,3,2016,0,0,0,97.57142857142857,87.17
2016-03-26,102,1396,2.59,0,0,5,12,3,2016,1,0,0,93.85714285714286,114.92
2016-03-27,57,1339,2.59,0,1,6,12,3,2016,1,0,0,82.28571428571429,88.01
2016-03-28,23,1507,2.59,0,0,0,13,3,2016,0,0,0,75.0,40.03
2016-03-29,35,1760,2.59,0,0,1,13,3,2016,0,0,0,69.57142857142857,45.65
2016-03-30,59,1701,2.59,0,1,2,13,3,2016,0,0,0,63.714285714285715,101.3
2016-03-31,41,1660,2.59,0,1,3,13,3,2016,0,0,1,59.42857142857143,79.28
2016-04-01,68,1592,2.59,0,0,4,13,4,2016,0,1,0,55.0,77.02
2016-04-02,84,1508,2.59,0,0,5,13,4,2016,1,0,0,52.42857142857143,121.5
2016-04-03,42,1466,2.59,0,0,6,13,4,2016,1,0,0,50.285714285714285,86.0
2016-04-04,95,1659,2.59,0,0,0,14,4,2016,0,0,0,60.57142857142857,90.06
2016-04-05,85,1574,2.59,0,0,1,14,4,2016,0,0,0,67.71428571428571,82.94
2016-04-06,102,1472,2.59,0,0,2,14,4,2016,0,0,0,73.85714285714286,107.79
2016-04-07,111,1457,2.59,0,0,3,14,4,2016,0,0,0,83.85714285714286,108.75
2016-04-08,113,1344,2.59,0,0,4,14,4,2016,0,0,0,90.28571428571429,113.24
2016-04-09,208,1136,2.59,0,0,5,14,4,2016,1,0,0,108.0,164.93
2016-04-10,148,988,2.59,0,0,6,14,4,2016,1,0,0,123.14285714285714,135.11
2016-04-11,123,2017,2.59,0,1,0,15,4,2016,0,0,0,127.14285714285714,189.53
2016-04-12,62,1955,2.59,0,0,1,15,4,2016,0,0,0,123.85714285714286,70.39
2016-04-13,129,1825,2.59,0,0,2,15,4,2016,0,0,0,127.71428571428571,118.21
2016-04-14,102,1723,2.59,0,0,3,15,4,2016,0,0,0,126.42857142857143,108.46
2016-04-15,110,3917,2.59,0,0,4,15,4,2016,0,0,0,126.0,116.43
2016-04-16,202,3715,2.59,0,0,5,15,4,2016,1,0,0,125.14285714285714,183.06
2016-04-17,144,3571,2.59,0,0,6,15,4,2016,1,0,0,124.57142857142857,146.55
2016-04-18,84,3487,2.59,0,0,0,16,4,2016,0,0,0,119.0,105.65
2016-04-19,127,3360,1.89,0,0,1,16,4,2016,0,0,0,128.28571428571428,117.12
2016-04-20,181,3179,1.89,0,0,2,16,4,2016,0,0,0,135.71428571428572,153.36
2016-04-21,268,2911,1.89,1,0,3,16,4,2016,0,0,0,159.42857142857142,150.44
2016-04-22,278,2636,1.89,0,1,4,16,4,2016,0,0,0,183.42857142857142,309.2
2016-04-23,234,2402,1.89,0,0,5,16,4,2016,1,0,0,188.0,216.71
2016-04-24,133,2269,1.89,0,0,6,16,4,2016,1,0,0,186.42857142857142,151.78
2016-04-25,91,2178,1.89,0,0,0,17,4,2016,0,0,0,187.42857142857142,88.83
2016-04-26,83,2095,2.59,0,0,1,17,4,2016,0,0,0,181.14285714285714,91.37
2016-04-27,139,1956,2.59,0,0,2,17,4,2016,0,0,0,175.14285714285714,138.32
2016-04-28,113,1843,2.59,0,0,3,17,4,2016,0,0,0,153.0,130.95
2016-04-29,141,1702,2.59,0,1,4,17,4,2016,0,0,0,133.42857142857142,221.76
2016-04-30,228,1474,2.59,0,0,5,17,4,2016,1,0,1,132.57142857142858,210.77
2016-05-01,163,1311,2.59,1,0,6,17,5,2016,1,1,0,136.85714285714286,171.61
2016-05-02,0,1605,2.59,0,0,0,18,5,2016,0,0,0,123.85714285714286,55.21
2016-05-03,125,1768,2.57,0,1,1,18,5,2016,0,0,0,129.85714285714286,155.52
2016-05-04,180,1876,2.59,0,0,2,18,5,2016,0,0,0,135.71428571428572,195.07
2016-05-05,222,1846,1.88,0,0,3,18,5,2016,0,0,0,151.28571428571428,206.12
2016-05-06,243,1602,1.89,0,0,4,18,5,2016,0,0,0,165.85714285714286,237.9
2016-05-07,408,1196,1.89,0,0,5,18,5,2016,1,0,0,191.57142857142858,334.58
2016-05-08,181,1014,1.89,0,0,6,18,5,2016,1,0,0,194.14285714285714,187.87
2016-05-09,176,838,1.88,0,1,0,19,5,2016,0,0,0,219.28571428571428,190.59
2016-05-10,178,660,1.89,0,0,1,19,5,2016,0,0,0,226.85714285714286,134.98
2016-05-11,310,348,1.38,0,0,2,19,5,2016,0,0,0,245.42857142857142,253.02
2016-05-12,134,213,1.89,0,0,3,19,5,2016,0,0,0,232.85714285714286,146.42
2016-05-13,132,81,1.89,0,0,4,19,5,2016,0,0,0,217.0,138.15
2016-05-14,1,80,1.89,0,0,5,19,5,2016,1,0,0,158.85714285714286,83.62
2016-05-15,0,80,0.0,0,0,6,19,5,2016,1,0,0,133.0,29.97
2016-05-16,0,80,2.59,0,0,0,20,5,2016,0,0,0,107.85714285714286,20.91
2016-05-17,0,2383,2.59,0,0,1,20,5,2016,0,0,0,82.42857142857143,42.29
2016-05-18,110,2262,2.59,0,0,2,20,5,2016,0,0,0,53.857142857142854,167.25
2016-05-19,81,2181,2.59,0,0,3,20,5,2016,0,0,0,46.285714285714285,100.2
2016-05-20,112,2069,2.59,0,0,4,20,5,2016,0,0,0,43.42857142857143,117.28
2016-05-21,186,2069,2.59,0,0,5,20,5,2016,1,0,0,69.85714285714286,162.23
2016-05-22,113,1770,2.59,0,0,6,20,5,2016,1,0,0,86.0,101.79
2016-05-23,86,1684,2.59,0,0,0,21,5,2016,0,0,0,98.28571428571429,74.27
2016-05-24,59,1817,2.59,0,1,1,21,5,2016,0,0,0,106.71428571428571,121.76
2016-05-25,94,5946,2.59,0,1,2,21,5,2016,0,0,0,104.42857142857143,150.48
2016-05-26,167,5779,2.59,0,0,3,21,5,2016,0,0,0,116.71428571428571,175.13
2016-05-27,244,5535,2.59,0,0,4,21,5,2016,0,0,0,135.57142857142858,223.54
2016-05-28,261,5273,2.59,0,0,5,21,5,2016,1,0,0,146.28571428571428,246.23
2016-05-29,187,5085,2.59,0,0,6,21,5,2016,1,0,0,156.85714285714286,187.67
2016-05-30,115,4970,2.59,0,0,0,22,5,2016,0,0,0,161.0,103.2
2016-05-31,139,4831,2.59,0,0,1,22,5,2016,0,0,1,172.42857142857142,114.53
2016-06-01,273,4558,2.59,0,0,2,22,6,2016,0,1,0,198.0,229.04
2016-06-02,235,4323,2.59,0,0,3,22,6,2016,0,0,0,207.71428571428572,231.91
2016-06-03,172,4151,2.59,0,0,4,22,6,2016,0,0,0,197.42857142857142,255.91
2016-06-04,323,3828,2.59,0,0,5,22,6,2016,1,0,0,206.28571428571428,281.55
2016-06-05,336,3492,2.59,0,0,6,22,6,2016,1,0,0,227.57142857142858,291.11
2016-06-06,127,3365,2.59,0,0,0,23,6,2016,0,0,0,229.28571428571428,138.28
2016-06-07,137,3228,2.59,0,0,1,23,6,2016,0,0,0,229.0,142.0
2016-06-08,249,2979,2.59,0,0,2,23,6,2016,0,0,0,225.57142857142858,228.13
2016-06-09,201,2778,2.59,0,0,3,23,6,2016,0,0,0,220.71428571428572,217.91
2016-06-10,271,2507,1.81,0,0,4,23,6,2016,0,0,0,234.85714285714286,256.27
2016-06-11,512,2187,1.65,0,0,5,23,6,2016,1,0,0,261.85714285714283,280.14
2016-06-12,317,1870,1.66,0,0,6,23,6,2016,1,0,0,259.14285714285717,296.71
2016-06-13,224,1646,1.66,0,0,0,24,6,2016,0,0,0,273.0,210.68
2016-06-14,239,1407,1.63,0,0,1,24,6,2016,0,0,0,287.57142857142856,214.51
2016-06-15,377,1182,1.63,0,0,2,24,6,2016,0,0,0,305.85714285714283,314.91
2016-06-16,239,1423,1.69,0,1,3,24,6,2016,0,0,0,311.2857142857143,310.75
2016-06-17,243,1756,1.66,0,0,4,24,6,2016,0,0,0,307.2857142857143,267.75
2016-06-18,438,1318,1.66,0,0,5,24,6,2016,1,0,0,296.7142857142857,287.45
2016-06-19,334,985,1.68,0,0,6,24,6,2016,1,0,0,299.14285714285717,304.54
2016-06-20,149,836,2.59,0,0,0,25,6,2016,0,0,0,288.42857142857144,133.9
2016-06-21,32,803,2.59,0,0,1,25,6,2016,0,0,0,258.85714285714283,72.96
2016-06-22,39,2204,2.59,0,1,2,25,6,2016,0,0,0,210.57142857142858,113.5
2016-06-23,42,2738,2.59,0,0,3,25,6,2016,0,0,0,182.42857142857142,159.2
2016-06-24,64,2674,2.39,0,0,4,25,6,2016,0,0,0,156.85714285714286,163.3
2016-06-25,170,2504,2.39,0,0,5,25,6,2016,1,0,0,118.57142857142857,206.95
2016-06-26,132,2372,2.39,0,0,6,25,6,2016,1,0,0,89.71428571428571,167.36
2016-06-27,123,2249,2.39,0,0,0,26,6,2016,0,0,0,86.0,129.42
2016-06-28,78,2171,2.39,0,0,1,26,6,2016,0,0,0,92.57142857142857,88.74
2016-06-29,130,2041,2.39,0,0,2,26,6,2016,0,0,0,105.57142857142857,152.87
2016-06-30,141,1900,2.39,0,1,3,26,6,2016,0,0,1,119.71428571428571,190.31
2016-07-01,247,1653,2.39,0,0,4,26,7,2016,0,1,0,145.85714285714286,223.4
2016-07-02,322,1331,2.39,0,0,5,26,7,2016,1,0,0,167.57142857142858,270.01
2016-07-03,196,1135,2.39,0,0,6,26,7,2016,1,0,0,176.71428571428572,185.57
2016-07-04,172,963,2.39,0,0,0,27,7,2016,0,0,0,183.71428571428572,166.26
2016-07-05,218,1413,2.39,0,0,1,27,7,2016,0,0,0,203.71428571428572,182.76
2016-07-06,216,1965,2.39,0,0,2,27,7,2016,0,0,0,216.0,217.3
2016-07-07,179,1882,2.39,0,0,3,27,7,2016,0,0,0,221.42857142857142,108.17
2016-07-08,32,2234,2.39,0,0,4,27,7,2016,0,0,0,190.71428571428572,92.5
2016-07-09,95,2139,2.39,0,0,5,27,7,2016,1,0,0,158.28571428571428,148.83
2016-07-10,78,2061,2.39,0,0,6,27,7,2016,1,0,0,141.42857142857142,97.09
2016-07-11,122,1939,2.39,0,0,0,28,7,2016,0,0,0,134.28571428571428,146.18
2016-07-12,164,1967,1.89,0,1,1,28,7,2016,0,0,0,126.57142857142857,203.86
2016-07-13,288,1670,1.89,0,0,2,28,7,2016,0,0,0,136.85714285714286,264.91
2016-07-14,138,1532,1.89,0,0,3,28,7,2016,0,0,0,131.0,155.26
2016-07-15,189,1343,1.89,0,1,4,28,7,2016,0,0,0,153.42857142857142,224.47
2016-07-16,321,1022,1.89,0,0,5,28,7,2016,1,0,0,185.71428571428572,273.53
2016-07-17,209,813,1.89,0,1,6,28,7,2016,1,0,0,204.42857142857142,211.24
2016-07-18,161,1420,1.89,0,0,0,29,7,2016,0,0,0,210.0,144.6
2016-07-19,157,1359,1.89,0,0,1,29,7,2016,0,0,0,209.0,157.48
2016-07-20,283,1075,1.89,0,0,2,29,7,2016,0,0,0,208.28571428571428,228.27
2016-07-21,60,1015,2.39,0,0,3,29,7,2016,0,0,0,197.14285714285714,98.88
2016-07-22,98,917,2.39,0,0,4,29,7,2016,0,0,0,184.14285714285714,112.71
2016-07-23,133,1550,2.39,0,0,5,29,7,2016,1,0,0,157.28571428571428,147.97
2016-07-24,130,1420,2.39,0,0,6,29,7,2016,1,0,0,146.0,135.55
2016-07-25,62,1358,2.39,0,0,0,30,7,2016,0,0,0,131.85714285714286,95.19
2016-07-26,97,2893,2.39,0,0,1,30,7,2016,0,0,0,123.28571428571429,115.04
2016-07-27,98,3179,2.39,0,1,2,30,7,2016,0,0,0,96.85714285714286,181.63
2016-07-28,108,3071,2.39,0,0,3,30,7,2016,0,0,0,103.71428571428571,101.69
2016-07-29,128,4095,2.39,0,0,4,30,7,2016,0,0,0,108.0,121.46
2016-07-30,270,3825,2.39,0,0,5,30,7,2016,1,0,0,127.57142857142857,147.07
2016-07-31,183,3642,2.39,0,0,6,30,7,2016,1,0,1,135.14285714285714,161.83
